"Price Quartiles and Averages for Unabsorbed Homeowner and Condominium Units by Dwelling Type and Census Subdivision for Centres 50,000+",,,,,,,,,,,,,,
"Quartiles et moyens de prix pour les propriétaires-occupants et des copropriétés non-écoulées selon la type de logements et la subdivision de recensement, les centres de 50 000 habitants et plus",,,,,,,,,,,,,,
2017,,,,,,,,,,,,,,
,,,,,,,,,,,,,,
,,,Single - Individuels,,,,Semi-detached - Jumelés,,,,Single and Semi-detached - Individuels et Jumelés,,,
Province,Centre,"Census Subdivision
Subdivision de recensement","Mean
Moyenne","Q1
T1","Median
Médiane","Q3
T3","Mean
Moyenne","Q1
T1","Median
Médiane","Q3
T3","Mean
Moyenne","Q1
T1","Median
Médiane","Q3
T3"
Nfld.Lab./T.-N.-L.,St. John's,Conception Bay South (T),"327,553","295,000","330,000","365,000","237,129",--,--,--,"301,179","295,000","330,000","365,000"
Nfld.Lab./T.-N.-L.,St. John's,Portugal Cove-St. Philip's (T),"581,533",--,--,--,--,--,--,--,"581,533",--,--,--
Nfld.Lab./T.-N.-L.,St. John's,Pouch Cove (T),--,--,--,--,--,--,--,--,--,--,--,--
Nfld.Lab./T.-N.-L.,St. John's,Flatrock (T),--,--,--,--,--,--,--,--,--,--,--,--
Nfld.Lab./T.-N.-L.,St. John's,Torbay (T),--,--,--,--,--,--,--,--,--,--,--,--
Nfld.Lab./T.-N.-L.,St. John's,Logy Bay-Middle Cove-Outer Cove (T),--,--,--,--,--,--,--,--,--,--,--,--
Nfld.Lab./T.-N.-L.,St. John's,Bauline (T),--,--,--,--,--,--,--,--,--,--,--,--
Nfld.Lab./T.-N.-L.,St. John's,Paradise (T),"343,456","310,000","350,000","370,000",--,--,--,--,"343,456","310,000","350,000","370,000"
Nfld.Lab./T.-N.-L.,St. John's,St. John's (CY),"432,211","355,000","395,000","470,000","272,918",--,--,--,"383,538","355,000","395,000","470,000"
Nfld.Lab./T.-N.-L.,St. John's,Mount Pearl (CY),"313,750",--,--,--,--,--,--,--,"313,750",--,--,--
Nfld.Lab./T.-N.-L.,St. John's,Petty Harbour-Maddox Cove (T),--,--,--,--,--,--,--,--,--,--,--,--
Nfld.Lab./T.-N.-L.,St. John's,Bay Bulls (T),--,--,--,--,--,--,--,--,--,--,--,--
Nfld.Lab./T.-N.-L.,St. John's,Witless Bay (T),--,--,--,--,--,--,--,--,--,--,--,--
Nfld.Lab./T.-N.-L.,St. John's,Total,"389,951","330,000","360,000","400,000","264,935","220,000","275,000","295,000","361,197","290,000","345,000","382,500"
Nfld.Lab./T.-N.-L.,Total,Total,"389,951","330,000","360,000","400,000","264,935","220,000","275,000","295,000","361,197","290,000","345,000","382,500"
P.E.I./Î.-P.-É.,Charlottetown,Lot 49 (LOT),--,--,--,--,--,--,--,--,--,--,--,--
P.E.I./Î.-P.-É.,Charlottetown,Lot 48 (LOT),--,--,--,--,--,--,--,--,--,--,--,--
P.E.I./Î.-P.-É.,Charlottetown,Lot 31 (LOT),--,--,--,--,--,--,--,--,--,--,--,--
P.E.I./Î.-P.-É.,Charlottetown,Lot 65 (LOT),--,--,--,--,--,--,--,--,--,--,--,--
P.E.I./Î.-P.-É.,Charlottetown,Meadowbank (COM),--,--,--,--,--,--,--,--,--,--,--,--
P.E.I./Î.-P.-É.,Charlottetown,Clyde River (COM),--,--,--,--,--,--,--,--,--,--,--,--
P.E.I./Î.-P.-É.,Charlottetown,Miltonvale Park (COM),--,--,--,--,--,--,--,--,--,--,--,--
P.E.I./Î.-P.-É.,Charlottetown,Brackley (COM),--,--,--,--,--,--,--,--,--,--,--,--
P.E.I./Î.-P.-É.,Charlottetown,Lot 33 (LOT),--,--,--,--,--,--,--,--,--,--,--,--
P.E.I./Î.-P.-É.,Charlottetown,Union Road (COM),--,--,--,--,--,--,--,--,--,--,--,--
P.E.I./Î.-P.-É.,Charlottetown,Lot 34 (LOT),--,--,--,--,--,--,--,--,--,--,--,--
P.E.I./Î.-P.-É.,Charlottetown,Lot 35 (LOT),--,--,--,--,--,--,--,--,--,--,--,--
P.E.I./Î.-P.-É.,Charlottetown,Lot 36 (LOT),--,--,--,--,--,--,--,--,--,--,--,--
P.E.I./Î.-P.-É.,Charlottetown,Lot 37 (LOT),--,--,--,--,--,--,--,--,--,--,--,--
P.E.I./Î.-P.-É.,Charlottetown,Mount Stewart (COM),--,--,--,--,--,--,--,--,--,--,--,--
P.E.I./Î.-P.-É.,Charlottetown,Winsloe South (COM),--,--,--,--,--,--,--,--,--,--,--,--
P.E.I./Î.-P.-É.,Charlottetown,Warren Grove (COM),--,--,--,--,--,--,--,--,--,--,--,--
P.E.I./Î.-P.-É.,Charlottetown,Charlottetown (CY),--,--,--,--,--,--,--,--,--,--,--,--
P.E.I./Î.-P.-É.,Charlottetown,Stratford (T),--,--,--,--,--,--,--,--,--,--,--,--
P.E.I./Î.-P.-É.,Charlottetown,Cornwall (T),--,--,--,--,--,--,--,--,--,--,--,--
P.E.I./Î.-P.-É.,Charlottetown,Total,"464,000",--,--,--,"233,400",--,--,--,"310,267",--,--,--
P.E.I./Î.-P.-É.,Total,Total,"464,000",--,--,--,"233,400",--,--,--,"310,267",--,--,--
N.S./N.-É.,Halifax,Halifax (RGM),--,--,--,--,"283,738","265,000","265,000","270,000","283,738","265,000","265,000","270,000"
N.S./N.-É.,Halifax,Total,--,--,--,--,"283,738","265,000","265,000","270,000","283,738","265,000","265,000","270,000"
N.S./N.-É.,Cape Breton,Cape Breton (RGM),--,--,--,--,--,--,--,--,--,--,--,--
N.S./N.-É.,Cape Breton,Total,--,--,--,--,--,--,--,--,--,--,--,--
N.S./N.-É.,Total,Total,"443,825","320,000","440,000","500,000","283,738","265,000","265,000","270,000","389,327","270,000","340,000","455,000"
N.B./N.-B.,Moncton,Hopewell (P),--,--,--,--,--,--,--,--,--,--,--,--
N.B./N.-B.,Moncton,Elgin (P),--,--,--,--,--,--,--,--,--,--,--,--
N.B./N.-B.,Moncton,Hillsborough (VL),--,--,--,--,--,--,--,--,--,--,--,--
N.B./N.-B.,Moncton,Coverdale (P),--,--,--,--,--,--,--,--,--,--,--,--
N.B./N.-B.,Moncton,Riverview (TV),--,--,--,--,--,--,--,--,--,--,--,--
N.B./N.-B.,Moncton,Hillsborough (P),--,--,--,--,--,--,--,--,--,--,--,--
N.B./N.-B.,Moncton,Dorchester (VL),--,--,--,--,--,--,--,--,--,--,--,--
N.B./N.-B.,Moncton,Dorchester (P),--,--,--,--,--,--,--,--,--,--,--,--
N.B./N.-B.,Moncton,Memramcook (VL),--,--,--,--,--,--,--,--,--,--,--,--
N.B./N.-B.,Moncton,Moncton (P),--,--,--,--,--,--,--,--,--,--,--,--
N.B./N.-B.,Moncton,Moncton (C),--,--,--,--,--,--,--,--,--,--,--,--
N.B./N.-B.,Moncton,Salisbury (VL),--,--,--,--,--,--,--,--,--,--,--,--
N.B./N.-B.,Moncton,Dieppe (C),--,--,--,--,--,--,--,--,--,--,--,--
N.B./N.-B.,Moncton,Saint-Paul (P),--,--,--,--,--,--,--,--,--,--,--,--
N.B./N.-B.,Moncton,Total,--,--,--,--,--,--,--,--,--,--,--,--
N.B./N.-B.,Saint John,Saint Martins (P),--,--,--,--,--,--,--,--,--,--,--,--
N.B./N.-B.,Saint John,St. Martins (VL),--,--,--,--,--,--,--,--,--,--,--,--
N.B./N.-B.,Saint John,Simonds (P),--,--,--,--,--,--,--,--,--,--,--,--
N.B./N.-B.,Saint John,Saint John (C),--,--,--,--,--,--,--,--,--,--,--,--
N.B./N.-B.,Saint John,Musquash (P),--,--,--,--,--,--,--,--,--,--,--,--
N.B./N.-B.,Saint John,Lepreau (P),--,--,--,--,--,--,--,--,--,--,--,--
N.B./N.-B.,Saint John,Petersville (P),--,--,--,--,--,--,--,--,--,--,--,--
N.B./N.-B.,Saint John,Upham (P),--,--,--,--,--,--,--,--,--,--,--,--
N.B./N.-B.,Saint John,Hampton (TV),--,--,--,--,--,--,--,--,--,--,--,--
N.B./N.-B.,Saint John,Hampton (P),--,--,--,--,--,--,--,--,--,--,--,--
N.B./N.-B.,Saint John,Rothesay (TV),--,--,--,--,--,--,--,--,--,--,--,--
N.B./N.-B.,Saint John,Westfield (P),--,--,--,--,--,--,--,--,--,--,--,--
N.B./N.-B.,Saint John,Kingston (P),--,--,--,--,--,--,--,--,--,--,--,--
N.B./N.-B.,Saint John,Grand Bay-Westfield (TV),--,--,--,--,--,--,--,--,--,--,--,--
N.B./N.-B.,Saint John,Norton (P),--,--,--,--,--,--,--,--,--,--,--,--
N.B./N.-B.,Saint John,Greenwich (P),--,--,--,--,--,--,--,--,--,--,--,--
N.B./N.-B.,Saint John,Rothesay (P),--,--,--,--,--,--,--,--,--,--,--,--
N.B./N.-B.,Saint John,Quispamsis (TV),--,--,--,--,--,--,--,--,--,--,--,--
N.B./N.-B.,Saint John,Total,"377,267",--,--,--,--,--,--,--,"377,267",--,--,--
N.B./N.-B.,Fredericton,Gladstone (P),--,--,--,--,--,--,--,--,--,--,--,--
N.B./N.-B.,Fredericton,Tracy (VL),--,--,--,--,--,--,--,--,--,--,--,--
N.B./N.-B.,Fredericton,Lincoln (P),--,--,--,--,--,--,--,--,--,--,--,--
N.B./N.-B.,Fredericton,Maugerville (P),--,--,--,--,--,--,--,--,--,--,--,--
N.B./N.-B.,Fredericton,New Maryland (VL),--,--,--,--,--,--,--,--,--,--,--,--
N.B./N.-B.,Fredericton,New Maryland (P),--,--,--,--,--,--,--,--,--,--,--,--
N.B./N.-B.,Fredericton,Manners Sutton (P),--,--,--,--,--,--,--,--,--,--,--,--
N.B./N.-B.,Fredericton,Harvey (VL),--,--,--,--,--,--,--,--,--,--,--,--
N.B./N.-B.,Fredericton,Hanwell (RCR),--,--,--,--,--,--,--,--,--,--,--,--
N.B./N.-B.,Fredericton,Kingsclear (P),--,--,--,--,--,--,--,--,--,--,--,--
N.B./N.-B.,Fredericton,Queensbury (P),--,--,--,--,--,--,--,--,--,--,--,--
N.B./N.-B.,Fredericton,Bright (P),--,--,--,--,--,--,--,--,--,--,--,--
N.B./N.-B.,Fredericton,Douglas (P),--,--,--,--,--,--,--,--,--,--,--,--
N.B./N.-B.,Fredericton,Saint Marys (P),--,--,--,--,--,--,--,--,--,--,--,--
N.B./N.-B.,Fredericton,Fredericton (C),"392,040",--,--,--,--,--,--,--,"392,040",--,--,--
N.B./N.-B.,Fredericton,Total,"319,274",--,--,--,--,--,--,--,"319,274",--,--,--
N.B./N.-B.,Total,Total,"336,672",--,--,--,"294,094",--,--,--,"325,633",--,--,--
Que/Qc,Saguenay,Saguenay (V),--,--,--,--,--,--,--,--,--,--,--,--
Que/Qc,Saguenay,Saint-Félix-d'Otis (MÉ),--,--,--,--,--,--,--,--,--,--,--,--
Que/Qc,Saguenay,Sainte-Rose-du-Nord (PE),--,--,--,--,--,--,--,--,--,--,--,--
Que/Qc,Saguenay,Saint-Fulgence (MÉ),--,--,--,--,--,--,--,--,--,--,--,--
Que/Qc,Saguenay,Saint-Honoré (MÉ),--,--,--,--,--,--,--,--,--,--,--,--
Que/Qc,Saguenay,Saint-David-de-Falardeau (MÉ),--,--,--,--,--,--,--,--,--,--,--,--
Que/Qc,Saguenay,Bégin (MÉ),--,--,--,--,--,--,--,--,--,--,--,--
Que/Qc,Saguenay,Saint-Charles-de-Bourget (MÉ),--,--,--,--,--,--,--,--,--,--,--,--
Que/Qc,Saguenay,Larouche (MÉ),--,--,--,--,--,--,--,--,--,--,--,--
Que/Qc,Saguenay,Total,--,--,--,--,"214,359",--,--,--,"214,359",--,--,--
Que/Qc,Montréal,Lavaltrie (V),--,--,--,--,--,--,--,--,--,--,--,--
Que/Qc,Montréal,Richelieu (V),--,--,--,--,--,--,--,--,--,--,--,--
Que/Qc,Montréal,Saint-Mathias-sur-Richelieu (MÉ),--,--,--,--,--,--,--,--,--,--,--,--
Que/Qc,Montréal,Saint-Jean-sur-Richelieu (V),"360,275",--,--,--,--,--,--,--,"360,275",--,--,--
Que/Qc,Montréal,Chambly (V),"415,323",--,--,--,"288,000",--,--,--,"357,449",--,--,--
Que/Qc,Montréal,Carignan (V),"457,098",--,--,--,"329,067",--,--,--,"378,857",--,--,--
Que/Qc,Montréal,Saint-Basile-le-Grand (V),--,--,--,--,--,--,--,--,--,--,--,--
Que/Qc,Montréal,McMasterville (MÉ),--,--,--,--,--,--,--,--,--,--,--,--
Que/Qc,Montréal,Otterburn Park (V),--,--,--,--,--,--,--,--,--,--,--,--
Que/Qc,Montréal,Mont-Saint-Hilaire (V),--,--,--,--,--,--,--,--,--,--,--,--
Que/Qc,Montréal,Beloeil (V),--,--,--,--,--,--,--,--,--,--,--,--
Que/Qc,Montréal,Saint-Mathieu-de-Beloeil (MÉ),--,--,--,--,--,--,--,--,--,--,--,--
Que/Qc,Montréal,Brossard (V),--,--,--,--,"476,161",--,--,--,"476,161",--,--,--
Que/Qc,Montréal,Saint-Lambert (V),--,--,--,--,--,--,--,--,--,--,--,--
Que/Qc,Montréal,Boucherville (V),--,--,--,--,--,--,--,--,--,--,--,--
Que/Qc,Montréal,Saint-Bruno-de-Montarville (V),--,--,--,--,--,--,--,--,--,--,--,--
Que/Qc,Montréal,Longueuil (V),--,--,--,--,"382,910",--,--,--,"382,910",--,--,--
Que/Qc,Montréal,Sainte-Julie (V),--,--,--,--,--,--,--,--,--,--,--,--
Que/Qc,Montréal,Saint-Amable (MÉ),--,--,--,--,--,--,--,--,--,--,--,--
Que/Qc,Montréal,Varennes (V),--,--,--,--,--,--,--,--,--,--,--,--
Que/Qc,Montréal,Verchères (MÉ),--,--,--,--,--,--,--,--,--,--,--,--
Que/Qc,Montréal,Charlemagne (V),--,--,--,--,--,--,--,--,--,--,--,--
Que/Qc,Montréal,Repentigny (V),--,--,--,--,--,--,--,--,--,--,--,--
Que/Qc,Montréal,Saint-Sulpice (PE),--,--,--,--,--,--,--,--,--,--,--,--
Que/Qc,Montréal,L'Assomption (V),"268,861",--,--,--,--,--,--,--,"268,861",--,--,--
Que/Qc,Montréal,L'Épiphanie (V),--,--,--,--,--,--,--,--,--,--,--,--
Que/Qc,Montréal,L'Épiphanie (PE),--,--,--,--,--,--,--,--,--,--,--,--
Que/Qc,Montréal,Saint-Lin--Laurentides (V),--,--,--,--,--,--,--,--,--,--,--,--
Que/Qc,Montréal,Terrebonne (V),"436,520","380,000","420,000","525,000","335,569",--,--,--,"397,017","380,000","420,000","525,000"
Que/Qc,Montréal,Mascouche (V),"323,352","300,000","300,000","350,000","286,040",--,--,--,"304,696","300,000","300,000","350,000"
Que/Qc,Montréal,Laval (V),"626,654","410,000","570,000","725,000","426,764","395,000","430,000","460,000","557,127","400,000","470,000","600,000"
Que/Qc,Montréal,Montréal-Est (V),--,--,--,--,--,--,--,--,--,--,--,--
Que/Qc,Montréal,Montréal (V),"660,453","435,000","475,000","682,500","386,884",--,--,--,"518,197","435,000","475,000","682,500"
Que/Qc,Montréal,Westmount (V),--,--,--,--,--,--,--,--,--,--,--,--
Que/Qc,Montréal,Montréal-Ouest (V),--,--,--,--,--,--,--,--,--,--,--,--
Que/Qc,Montréal,Côte-Saint-Luc (V),--,--,--,--,--,--,--,--,--,--,--,--
Que/Qc,Montréal,Hampstead (V),--,--,--,--,--,--,--,--,--,--,--,--
Que/Qc,Montréal,Mont-Royal (V),--,--,--,--,--,--,--,--,--,--,--,--
Que/Qc,Montréal,Dorval (V),--,--,--,--,--,--,--,--,--,--,--,--
Que/Qc,Montréal,L'Île-Dorval (V),--,--,--,--,--,--,--,--,--,--,--,--
Que/Qc,Montréal,Pointe-Claire (V),--,--,--,--,--,--,--,--,--,--,--,--
Que/Qc,Montréal,Kirkland (V),--,--,--,--,--,--,--,--,--,--,--,--
Que/Qc,Montréal,Beaconsfield (V),--,--,--,--,--,--,--,--,--,--,--,--
Que/Qc,Montréal,Baie-D'Urfé (V),--,--,--,--,--,--,--,--,--,--,--,--
Que/Qc,Montréal,Sainte-Anne-de-Bellevue (V),--,--,--,--,--,--,--,--,--,--,--,--
Que/Qc,Montréal,Senneville (VL),--,--,--,--,--,--,--,--,--,--,--,--
Que/Qc,Montréal,Dollard-Des Ormeaux (V),--,--,--,--,--,--,--,--,--,--,--,--
Que/Qc,Montréal,Saint-Mathieu (MÉ),--,--,--,--,--,--,--,--,--,--,--,--
Que/Qc,Montréal,Saint-Philippe (MÉ),--,--,--,--,--,--,--,--,--,--,--,--
Que/Qc,Montréal,La Prairie (V),--,--,--,--,"379,562",--,--,--,"379,562",--,--,--
Que/Qc,Montréal,Candiac (V),--,--,--,--,--,--,--,--,--,--,--,--
Que/Qc,Montréal,Delson (V),--,--,--,--,--,--,--,--,--,--,--,--
Que/Qc,Montréal,Sainte-Catherine (V),--,--,--,--,--,--,--,--,--,--,--,--
Que/Qc,Montréal,Saint-Constant (V),--,--,--,--,--,--,--,--,--,--,--,--
Que/Qc,Montréal,Saint-Isidore (PE),--,--,--,--,--,--,--,--,--,--,--,--
Que/Qc,Montréal,Mercier (V),--,--,--,--,--,--,--,--,--,--,--,--
Que/Qc,Montréal,Châteauguay (V),--,--,--,--,--,--,--,--,--,--,--,--
Que/Qc,Montréal,Léry (V),--,--,--,--,--,--,--,--,--,--,--,--
Que/Qc,Montréal,Beauharnois (V),--,--,--,--,--,--,--,--,--,--,--,--
Que/Qc,Montréal,Saint-Zotique (MÉ),--,--,--,--,"223,228",--,--,--,"223,228",--,--,--
Que/Qc,Montréal,Les Coteaux (MÉ),--,--,--,--,--,--,--,--,--,--,--,--
Que/Qc,Montréal,Coteau-du-Lac (V),--,--,--,--,--,--,--,--,--,--,--,--
Que/Qc,Montréal,Les Cèdres (MÉ),--,--,--,--,--,--,--,--,--,--,--,--
Que/Qc,Montréal,Pointe-des-Cascades (VL),--,--,--,--,--,--,--,--,--,--,--,--
Que/Qc,Montréal,L'Île-Perrot (V),--,--,--,--,--,--,--,--,--,--,--,--
Que/Qc,Montréal,Notre-Dame-de-l'Île-Perrot (V),--,--,--,--,--,--,--,--,--,--,--,--
Que/Qc,Montréal,Pincourt (V),--,--,--,--,--,--,--,--,--,--,--,--
Que/Qc,Montréal,Terrasse-Vaudreuil (MÉ),--,--,--,--,--,--,--,--,--,--,--,--
Que/Qc,Montréal,Vaudreuil-Dorion (V),"380,093","350,000","400,000","400,000","298,496",--,--,--,"341,237","350,000","400,000","400,000"
Que/Qc,Montréal,Vaudreuil-sur-le-Lac (VL),--,--,--,--,--,--,--,--,--,--,--,--
Que/Qc,Montréal,L'Île-Cadieux (V),--,--,--,--,--,--,--,--,--,--,--,--
Que/Qc,Montréal,Hudson (V),--,--,--,--,--,--,--,--,--,--,--,--
Que/Qc,Montréal,Saint-Lazare (V),"348,959",--,--,--,--,--,--,--,"348,959",--,--,--
Que/Qc,Montréal,Saint-Eustache (V),"540,775",--,--,--,"283,200",--,--,--,"362,454",--,--,--
Que/Qc,Montréal,Deux-Montagnes (V),--,--,--,--,--,--,--,--,--,--,--,--
Que/Qc,Montréal,Sainte-Marthe-sur-le-Lac (V),"370,474",--,--,--,--,--,--,--,"370,474",--,--,--
Que/Qc,Montréal,Pointe-Calumet (MÉ),--,--,--,--,--,--,--,--,--,--,--,--
Que/Qc,Montréal,Saint-Joseph-du-Lac (MÉ),--,--,--,--,--,--,--,--,--,--,--,--
Que/Qc,Montréal,Oka (MÉ),--,--,--,--,--,--,--,--,--,--,--,--
Que/Qc,Montréal,Saint-Placide (MÉ),--,--,--,--,--,--,--,--,--,--,--,--
Que/Qc,Montréal,Boisbriand (V),--,--,--,--,--,--,--,--,--,--,--,--
Que/Qc,Montréal,Sainte-Thérèse (V),--,--,--,--,--,--,--,--,--,--,--,--
Que/Qc,Montréal,Blainville (V),"517,310","427,500","485,000","580,000",--,--,--,--,"517,310","427,500","485,000","580,000"
Que/Qc,Montréal,Rosemère (V),--,--,--,--,--,--,--,--,--,--,--,--
Que/Qc,Montréal,Lorraine (V),--,--,--,--,--,--,--,--,--,--,--,--
Que/Qc,Montréal,Bois-des-Filion (V),--,--,--,--,--,--,--,--,--,--,--,--
Que/Qc,Montréal,Sainte-Anne-des-Plaines (V),--,--,--,--,--,--,--,--,--,--,--,--
Que/Qc,Montréal,Mirabel (V),"389,760","330,000","375,000","430,000","267,463",--,--,--,"364,673","330,000","375,000","430,000"
Que/Qc,Montréal,Saint-Colomban (V),"350,652",--,--,--,--,--,--,--,"350,652",--,--,--
Que/Qc,Montréal,Saint-Jérôme (V),"367,270","280,000","372,500","447,500","243,197","220,000","240,000","260,000","289,724","230,000","257,500","287,500"
Que/Qc,Montréal,Gore (CT),--,--,--,--,--,--,--,--,--,--,--,--
Que/Qc,Montréal,Total,"456,469","335,000","400,000","495,000","319,833","260,000","300,000","360,000","399,430","290,000","357,500","447,500"
Que/Qc,Gatineau,Thurso (V),--,--,--,--,--,--,--,--,--,--,--,--
Que/Qc,Gatineau,Lochaber (CT),--,--,--,--,--,--,--,--,--,--,--,--
Que/Qc,Gatineau,Lochaber-Partie-Ouest (CT),--,--,--,--,--,--,--,--,--,--,--,--
Que/Qc,Gatineau,Mayo (MÉ),--,--,--,--,--,--,--,--,--,--,--,--
Que/Qc,Gatineau,Val-des-Bois (MÉ),--,--,--,--,--,--,--,--,--,--,--,--
Que/Qc,Gatineau,Bowman (MÉ),--,--,--,--,--,--,--,--,--,--,--,--
Que/Qc,Gatineau,Gatineau (V),"423,914","385,000","415,000","480,000",--,--,--,--,"423,914","385,000","415,000","480,000"
Que/Qc,Gatineau,L'Ange-Gardien (MÉ),"337,743",--,--,--,--,--,--,--,"337,743",--,--,--
Que/Qc,Gatineau,Notre-Dame-de-la-Salette (MÉ),--,--,--,--,--,--,--,--,--,--,--,--
Que/Qc,Gatineau,Val-des-Monts (MÉ),--,--,--,--,--,--,--,--,--,--,--,--
Que/Qc,Gatineau,Cantley (MÉ),"400,607","285,000","330,000","525,000",--,--,--,--,"400,607","285,000","330,000","525,000"
Que/Qc,Gatineau,Chelsea (MÉ),--,--,--,--,--,--,--,--,--,--,--,--
Que/Qc,Gatineau,Pontiac (MÉ),--,--,--,--,--,--,--,--,--,--,--,--
Que/Qc,Gatineau,La Pêche (MÉ),"264,238","200,000","250,000","290,000",--,--,--,--,"264,238","200,000","250,000","290,000"
Que/Qc,Gatineau,Denholm (MÉ),--,--,--,--,--,--,--,--,--,--,--,--
Que/Qc,Gatineau,Total,"348,446","265,000","330,000","415,000","262,331","220,000","257,500","290,000","309,556","230,000","285,000","350,000"
Que/Qc,Québec,Saint-Henri (MÉ),--,--,--,--,--,--,--,--,--,--,--,--
Que/Qc,Québec,Beaumont (MÉ),--,--,--,--,--,--,--,--,--,--,--,--
Que/Qc,Québec,Saint-François-de-l'Île-d'Orléans (MÉ),--,--,--,--,--,--,--,--,--,--,--,--
Que/Qc,Québec,Sainte-Famille (PE),--,--,--,--,--,--,--,--,--,--,--,--
Que/Qc,Québec,Saint-Jean-de-l'Île-d'Orléans (MÉ),--,--,--,--,--,--,--,--,--,--,--,--
Que/Qc,Québec,Saint-Laurent-de-l'Île-d'Orléans (MÉ),--,--,--,--,--,--,--,--,--,--,--,--
Que/Qc,Québec,Saint-Pierre-de-l'Île-d'Orléans (MÉ),--,--,--,--,--,--,--,--,--,--,--,--
Que/Qc,Québec,Sainte-Pétronille (VL),--,--,--,--,--,--,--,--,--,--,--,--
Que/Qc,Québec,Château-Richer (V),--,--,--,--,--,--,--,--,--,--,--,--
Que/Qc,Québec,L'Ange-Gardien (MÉ),--,--,--,--,--,--,--,--,--,--,--,--
Que/Qc,Québec,Boischatel (MÉ),--,--,--,--,--,--,--,--,--,--,--,--
Que/Qc,Québec,Sainte-Catherine-de-la-Jacques-Cartier (V),--,--,--,--,--,--,--,--,--,--,--,--
Que/Qc,Québec,Fossambault-sur-le-Lac (V),--,--,--,--,--,--,--,--,--,--,--,--
Que/Qc,Québec,Lac-Saint-Joseph (V),--,--,--,--,--,--,--,--,--,--,--,--
Que/Qc,Québec,Shannon (MÉ),--,--,--,--,--,--,--,--,--,--,--,--
Que/Qc,Québec,Saint-Gabriel-de-Valcartier (MÉ),--,--,--,--,--,--,--,--,--,--,--,--
Que/Qc,Québec,Lac-Delage (V),--,--,--,--,--,--,--,--,--,--,--,--
Que/Qc,Québec,Stoneham-et-Tewkesbury (CU),--,--,--,--,--,--,--,--,--,--,--,--
Que/Qc,Québec,Lac-Beauport (MÉ),--,--,--,--,--,--,--,--,--,--,--,--
Que/Qc,Québec,Sainte-Brigitte-de-Laval (V),--,--,--,--,--,--,--,--,--,--,--,--
Que/Qc,Québec,Notre-Dame-des-Anges (PE),--,--,--,--,--,--,--,--,--,--,--,--
Que/Qc,Québec,Québec (V),"352,848","300,000","322,500","350,000","291,629","245,000","270,000","330,000","301,712","245,000","280,000","330,000"
Que/Qc,Québec,L'Ancienne-Lorette (V),--,--,--,--,--,--,--,--,--,--,--,--
Que/Qc,Québec,Saint-Augustin-de-Desmaures (V),--,--,--,--,--,--,--,--,--,--,--,--
Que/Qc,Québec,Lévis (V),"366,175",--,--,--,"266,651","250,000","265,000","285,000","281,673","250,000","265,000","285,000"
Que/Qc,Québec,Saint-Lambert-de-Lauzon (MÉ),--,--,--,--,--,--,--,--,--,--,--,--
Que/Qc,Québec,Saint-Antoine-de-Tilly (MÉ),--,--,--,--,--,--,--,--,--,--,--,--
Que/Qc,Québec,Neuville (V),--,--,--,--,--,--,--,--,--,--,--,--
Que/Qc,Québec,Total,"385,382","290,000","350,000","430,000","277,478","240,000","265,000","295,000","304,605","245,000","275,000","330,000"
Que/Qc,Sherbrooke,Ascot Corner (MÉ),--,--,--,--,--,--,--,--,--,--,--,--
Que/Qc,Sherbrooke,Stoke (MÉ),--,--,--,--,--,--,--,--,--,--,--,--
Que/Qc,Sherbrooke,Saint-Denis-de-Brompton (MÉ),--,--,--,--,--,--,--,--,--,--,--,--
Que/Qc,Sherbrooke,Val-Joli (MÉ),--,--,--,--,--,--,--,--,--,--,--,--
Que/Qc,Sherbrooke,Sherbrooke (V),"349,811","275,000","317,500","355,000","203,081",--,--,--,"237,105","275,000","317,500","355,000"
Que/Qc,Sherbrooke,Compton (MÉ),--,--,--,--,--,--,--,--,--,--,--,--
Que/Qc,Sherbrooke,Waterville (V),--,--,--,--,--,--,--,--,--,--,--,--
Que/Qc,Sherbrooke,North Hatley (VL),--,--,--,--,--,--,--,--,--,--,--,--
Que/Qc,Sherbrooke,Hatley (CT),--,--,--,--,--,--,--,--,--,--,--,--
Que/Qc,Sherbrooke,Magog (V),--,--,--,--,--,--,--,--,--,--,--,--
Que/Qc,Sherbrooke,Orford (CT),--,--,--,--,--,--,--,--,--,--,--,--
Que/Qc,Sherbrooke,Total,"349,811","275,000","317,500","355,000","207,888","190,000","205,000","230,000","238,165","195,000","215,000","255,000"
Que/Qc,Trois-Rivières,Trois-Rivières (V),--,--,--,--,--,--,--,--,--,--,--,--
Que/Qc,Trois-Rivières,Champlain (MÉ),--,--,--,--,--,--,--,--,--,--,--,--
Que/Qc,Trois-Rivières,Saint-Luc-de-Vincennes (MÉ),--,--,--,--,--,--,--,--,--,--,--,--
Que/Qc,Trois-Rivières,Saint-Maurice (PE),--,--,--,--,--,--,--,--,--,--,--,--
Que/Qc,Trois-Rivières,Bécancour (V),--,--,--,--,--,--,--,--,--,--,--,--
Que/Qc,Trois-Rivières,Yamachiche (MÉ),--,--,--,--,--,--,--,--,--,--,--,--
Que/Qc,Trois-Rivières,Total,"195,520",--,--,--,"206,280","185,000","205,000","227,500","204,128","185,000","205,000","227,500"
Que/Qc,Drummondville,Lefebvre (MÉ),--,--,--,--,--,--,--,--,--,--,--,--
Que/Qc,Drummondville,L'Avenir (MÉ),--,--,--,--,--,--,--,--,--,--,--,--
Que/Qc,Drummondville,Saint-Lucien (MÉ),--,--,--,--,--,--,--,--,--,--,--,--
Que/Qc,Drummondville,Wickham (MÉ),--,--,--,--,--,--,--,--,--,--,--,--
Que/Qc,Drummondville,Saint-Germain-de-Grantham (MÉ),--,--,--,--,--,--,--,--,--,--,--,--
Que/Qc,Drummondville,Drummondville (V),--,--,--,--,"193,420","170,000","200,000","210,000","193,420","170,000","200,000","210,000"
Que/Qc,Drummondville,Saint-Cyrille-de-Wendover (MÉ),--,--,--,--,--,--,--,--,--,--,--,--
Que/Qc,Drummondville,Notre-Dame-du-Bon-Conseil (VL),--,--,--,--,--,--,--,--,--,--,--,--
Que/Qc,Drummondville,Notre-Dame-du-Bon-Conseil (PE),--,--,--,--,--,--,--,--,--,--,--,--
Que/Qc,Drummondville,Saint-Majorique-de-Grantham (PE),--,--,--,--,--,--,--,--,--,--,--,--
Que/Qc,Drummondville,Saint-Edmond-de-Grantham (PE),--,--,--,--,--,--,--,--,--,--,--,--
Que/Qc,Drummondville,Total,"244,136","205,000","235,000","270,000","193,420","170,000","200,000","210,000","222,723","200,000","215,000","250,000"
Que/Qc,Granby,Bromont (V),"353,177",--,--,--,"334,951",--,--,--,"343,052",--,--,--
Que/Qc,Granby,Saint-Alphonse-de-Granby (MÉ),--,--,--,--,"230,846",--,--,--,"230,846",--,--,--
Que/Qc,Granby,Granby (V),--,--,--,--,"240,307","225,000","235,000","250,000","240,307","225,000","235,000","250,000"
Que/Qc,Granby,Roxton Pond (MÉ),--,--,--,--,--,--,--,--,--,--,--,--
Que/Qc,Granby,Saint-Paul-d'Abbotsford (MÉ),--,--,--,--,--,--,--,--,--,--,--,--
Que/Qc,Granby,Total,"346,938","205,000","340,000","430,000","257,154","225,000","245,000","275,000","277,874","225,000","245,000","305,000"
Que/Qc,Rimouski,Saint-Narcisse-de-Rimouski (PE),--,--,--,--,--,--,--,--,--,--,--,--
Que/Qc,Rimouski,Saint-Anaclet-de-Lessard (PE),--,--,--,--,--,--,--,--,--,--,--,--
Que/Qc,Rimouski,Rimouski (V),"285,667",--,--,--,--,--,--,--,"285,667",--,--,--
Que/Qc,Rimouski,Saint-Valérien (PE),--,--,--,--,--,--,--,--,--,--,--,--
Que/Qc,Rimouski,Saint-Fabien (PE),--,--,--,--,--,--,--,--,--,--,--,--
Que/Qc,Rimouski,Total,"285,667",--,--,--,--,--,--,--,"285,667",--,--,--
Que/Qc,Saint-Hyacinthe,Saint-Hyacinthe (V),--,--,--,--,"234,171",--,--,--,"234,171",--,--,--
Que/Qc,Saint-Hyacinthe,Saint-Dominique (MÉ),--,--,--,--,--,--,--,--,--,--,--,--
Que/Qc,Saint-Hyacinthe,Saint-Simon (MÉ),--,--,--,--,--,--,--,--,--,--,--,--
Que/Qc,Saint-Hyacinthe,Total,--,--,--,--,"234,171",--,--,--,"234,171",--,--,--
Que/Qc,Shawinigan,Shawinigan (V),"217,734",--,--,--,"186,241",--,--,--,"200,776",--,--,--
Que/Qc,Shawinigan,Saint-Boniface (MÉ),--,--,--,--,--,--,--,--,--,--,--,--
Que/Qc,Shawinigan,Total,"217,734",--,--,--,"186,241",--,--,--,"200,776",--,--,--
Que/Qc,Total,Total,"402,739","290,000","360,000","450,000","270,827","220,000","255,000","300,000","329,149","235,000","290,000","375,000"
Ont./Ont.,Barrie,Springwater (TP),--,--,--,--,--,--,--,--,--,--,--,--
Ont./Ont.,Barrie,Innisfil (T),"606,079","475,000","530,000","750,000",--,--,--,--,"606,079","475,000","530,000","750,000"
Ont./Ont.,Barrie,Barrie (CY),--,--,--,--,--,--,--,--,--,--,--,--
Ont./Ont.,Barrie,Total,"579,681","475,000","530,000","625,000",--,--,--,--,"579,681","475,000","530,000","625,000"
Ont./Ont.,Belleville,Tyendinaga (TP),--,--,--,--,--,--,--,--,--,--,--,--
Ont./Ont.,Belleville,Belleville (CY),--,--,--,--,--,--,--,--,--,--,--,--
Ont./Ont.,Belleville,Quinte West (CY),--,--,--,--,--,--,--,--,--,--,--,--
Ont./Ont.,Belleville,Stirling-Rawdon (TP),--,--,--,--,--,--,--,--,--,--,--,--
Ont./Ont.,Belleville,Total,"395,430",--,--,--,--,--,--,--,"395,430",--,--,--
Ont./Ont.,Brantford,Brant (CY),--,--,--,--,--,--,--,--,--,--,--,--
Ont./Ont.,Brantford,Brantford (CY),"356,383",--,--,--,--,--,--,--,"356,383",--,--,--
Ont./Ont.,Brantford,Total,"406,241","340,000","382,500","495,000",--,--,--,--,"406,241","340,000","382,500","495,000"
Ont./Ont.,Guelph,Puslinch (TP),--,--,--,--,--,--,--,--,--,--,--,--
Ont./Ont.,Guelph,Guelph (CY),"627,892","457,500","590,000","630,000","518,839","490,000","522,500","555,000","562,460","490,000","530,000","575,000"
Ont./Ont.,Guelph,Guelph/Eramosa (TP),"834,490",--,--,--,--,--,--,--,"834,490",--,--,--
Ont./Ont.,Guelph,Total,"764,059","550,000","650,000","900,000","518,839","490,000","522,500","555,000","665,971","495,000","555,000","700,000"
Ont./Ont.,Hamilton,Burlington (CY),--,--,--,--,--,--,--,--,--,--,--,--
Ont./Ont.,Hamilton,Hamilton (C),--,--,--,--,--,--,--,--,--,--,--,--
Ont./Ont.,Hamilton,Grimsby (T),--,--,--,--,--,--,--,--,--,--,--,--
Ont./Ont.,Hamilton,Total,"620,853","400,000","480,000","520,000",--,--,--,--,"620,853","400,000","480,000","520,000"
Ont./Ont.,Kingston,Frontenac Islands (TP),--,--,--,--,--,--,--,--,--,--,--,--
Ont./Ont.,Kingston,Kingston (CY),--,--,--,--,--,--,--,--,--,--,--,--
Ont./Ont.,Kingston,South Frontenac (TP),--,--,--,--,--,--,--,--,--,--,--,--
Ont./Ont.,Kingston,Loyalist (TP),--,--,--,--,--,--,--,--,--,--,--,--
Ont./Ont.,Kingston,Total,"436,538","390,000","405,000","470,000",--,--,--,--,"436,538","390,000","405,000","470,000"
Ont./Ont.,Kitchener - Cambridge - Waterl,North Dumfries (TP),"515,871",--,--,--,--,--,--,--,"515,871",--,--,--
Ont./Ont.,Kitchener - Cambridge - Waterl,Cambridge (CY),"591,911","525,000","612,500","645,000",--,--,--,--,"591,911","525,000","612,500","645,000"
Ont./Ont.,Kitchener - Cambridge - Waterl,Kitchener (CY),"517,987","450,000","500,000","585,000",--,--,--,--,"517,987","450,000","500,000","585,000"
Ont./Ont.,Kitchener - Cambridge - Waterl,Waterloo (CY),"659,711","495,000","630,000","700,000",--,--,--,--,"659,711","495,000","630,000","700,000"
Ont./Ont.,Kitchener - Cambridge - Waterl,Wilmot (TP),"638,500",--,--,--,--,--,--,--,"638,500",--,--,--
Ont./Ont.,Kitchener - Cambridge - Waterl,Woolwich (TP),"610,181","482,500","545,000","700,000",--,--,--,--,"610,181","482,500","545,000","700,000"
Ont./Ont.,Kitchener - Cambridge - Waterl,Total,"601,704","500,000","572,500","677,500",--,--,--,--,"601,704","500,000","572,500","677,500"
Ont./Ont.,London,Central Elgin (MU),"455,806","327,500","410,000","640,000",--,--,--,--,"455,806","327,500","410,000","640,000"
Ont./Ont.,London,St. Thomas (CY),"428,789","300,000","475,000","525,000",--,--,--,--,"428,789","300,000","475,000","525,000"
Ont./Ont.,London,Southwold (TP),--,--,--,--,--,--,--,--,--,--,--,--
Ont./Ont.,London,Strathroy-Caradoc (MU),--,--,--,--,--,--,--,--,--,--,--,--
Ont./Ont.,London,Thames Centre (MU),"541,225",--,--,--,--,--,--,--,"541,225",--,--,--
Ont./Ont.,London,Middlesex Centre (MU),"473,100",--,--,--,--,--,--,--,"473,100",--,--,--
Ont./Ont.,London,London (CY),"519,999","440,000","500,000","580,000",--,--,--,--,"519,999","440,000","500,000","580,000"
Ont./Ont.,London,Adelaide-Metcalfe (TP),--,--,--,--,--,--,--,--,--,--,--,--
Ont./Ont.,London,Total,"500,323","430,000","490,000","570,000",--,--,--,--,"500,323","430,000","490,000","570,000"
Ont./Ont.,St. Catharines - Niagara,Fort Erie (T),--,--,--,--,--,--,--,--,--,--,--,--
Ont./Ont.,St. Catharines - Niagara,Port Colborne (CY),--,--,--,--,--,--,--,--,--,--,--,--
Ont./Ont.,St. Catharines - Niagara,Wainfleet (TP),--,--,--,--,--,--,--,--,--,--,--,--
Ont./Ont.,St. Catharines - Niagara,Pelham (T),--,--,--,--,--,--,--,--,--,--,--,--
Ont./Ont.,St. Catharines - Niagara,Welland (CY),--,--,--,--,--,--,--,--,--,--,--,--
Ont./Ont.,St. Catharines - Niagara,Thorold (CY),--,--,--,--,--,--,--,--,--,--,--,--
Ont./Ont.,St. Catharines - Niagara,Niagara Falls (CY),"522,613","400,000","455,000","615,000",--,--,--,--,"522,613","400,000","455,000","615,000"
Ont./Ont.,St. Catharines - Niagara,Niagara-on-the-Lake (T),"787,975",--,--,--,--,--,--,--,"787,975",--,--,--
Ont./Ont.,St. Catharines - Niagara,St. Catharines (CY),"558,625",--,--,--,--,--,--,--,"558,625",--,--,--
Ont./Ont.,St. Catharines - Niagara,Lincoln (T),--,--,--,--,--,--,--,--,--,--,--,--
Ont./Ont.,St. Catharines - Niagara,Total,"549,869","387,500","435,000","725,000",--,--,--,--,"549,869","387,500","435,000","725,000"
Ont./Ont.,Oshawa,Whitby (T),--,--,--,--,--,--,--,--,--,--,--,--
Ont./Ont.,Oshawa,Oshawa (CY),--,--,--,--,--,--,--,--,--,--,--,--
Ont./Ont.,Oshawa,Clarington (MU),"608,351",--,--,--,--,--,--,--,"608,351",--,--,--
Ont./Ont.,Oshawa,Total,"546,545","390,000","465,000","660,000",--,--,--,--,"546,545","390,000","465,000","660,000"
Ont./Ont.,Ottawa,Clarence-Rockland (C),"377,867",--,--,--,--,--,--,--,"377,867",--,--,--
Ont./Ont.,Ottawa,Russell (TP),"383,075",--,--,--,--,--,--,--,"383,075",--,--,--
Ont./Ont.,Ottawa,Ottawa (CV),"551,155","480,000","540,000","600,000",--,--,--,--,"551,155","480,000","540,000","600,000"
Ont./Ont.,Ottawa,North Grenville (MU),"449,549",--,--,--,--,--,--,--,"449,549",--,--,--
Ont./Ont.,Ottawa,Total,"523,353","435,000","515,000","585,000","575,557","380,000","445,000","875,000","533,279","420,000","510,000","590,000"
Ont./Ont.,Peterborough,Otonabee-South Monaghan (TP),--,--,--,--,--,--,--,--,--,--,--,--
Ont./Ont.,Peterborough,Cavan Monaghan (TP),--,--,--,--,--,--,--,--,--,--,--,--
Ont./Ont.,Peterborough,Peterborough (CY),--,--,--,--,--,--,--,--,--,--,--,--
Ont./Ont.,Peterborough,Selwyn (TP),--,--,--,--,--,--,--,--,--,--,--,--
Ont./Ont.,Peterborough,Douro-Dummer (TP),--,--,--,--,--,--,--,--,--,--,--,--
Ont./Ont.,Peterborough,Total,"452,200",--,--,--,--,--,--,--,"452,200",--,--,--
Ont./Ont.,Greater Sudbury / Grand Sudbur,Markstay-Warren (MU),--,--,--,--,--,--,--,--,--,--,--,--
Ont./Ont.,Greater Sudbury / Grand Sudbur,Greater Sudbury / Grand Sudbury (CV),"534,917","465,000","485,000","605,000",--,--,--,--,"534,917","465,000","485,000","605,000"
Ont./Ont.,Greater Sudbury / Grand Sudbur,Total,"534,917","465,000","485,000","605,000",--,--,--,--,"534,917","465,000","485,000","605,000"
Ont./Ont.,Thunder Bay,Neebing (MU),--,--,--,--,--,--,--,--,--,--,--,--
Ont./Ont.,Thunder Bay,Thunder Bay (CY),--,--,--,--,--,--,--,--,--,--,--,--
Ont./Ont.,Thunder Bay,Oliver Paipoonge (MU),--,--,--,--,--,--,--,--,--,--,--,--
Ont./Ont.,Thunder Bay,Gillies (TP),--,--,--,--,--,--,--,--,--,--,--,--
Ont./Ont.,Thunder Bay,O'Connor (TP),--,--,--,--,--,--,--,--,--,--,--,--
Ont./Ont.,Thunder Bay,Conmee (TP),--,--,--,--,--,--,--,--,--,--,--,--
Ont./Ont.,Thunder Bay,Shuniah (MU),--,--,--,--,--,--,--,--,--,--,--,--
Ont./Ont.,Thunder Bay,Total,--,--,--,--,--,--,--,--,--,--,--,--
Ont./Ont.,Toronto,Pickering (CY),--,--,--,--,--,--,--,--,--,--,--,--
Ont./Ont.,Toronto,Ajax (T),--,--,--,--,--,--,--,--,--,--,--,--
Ont./Ont.,Toronto,Uxbridge (TP),--,--,--,--,--,--,--,--,--,--,--,--
Ont./Ont.,Toronto,Vaughan (CY),"1,395,079","1,180,000","1,302,500","1,640,000",--,--,--,--,"1,395,079","1,180,000","1,302,500","1,640,000"
Ont./Ont.,Toronto,Markham (CY),"1,477,816","720,000","1,005,000","2,400,000",--,--,--,--,"1,477,816","720,000","1,005,000","2,400,000"
Ont./Ont.,Toronto,Richmond Hill (T),--,--,--,--,--,--,--,--,--,--,--,--
Ont./Ont.,Toronto,Whitchurch-Stouffville (T),--,--,--,--,--,--,--,--,--,--,--,--
Ont./Ont.,Toronto,Aurora (T),--,--,--,--,--,--,--,--,--,--,--,--
Ont./Ont.,Toronto,Newmarket (T),--,--,--,--,--,--,--,--,--,--,--,--
Ont./Ont.,Toronto,King (TP),--,--,--,--,--,--,--,--,--,--,--,--
Ont./Ont.,Toronto,East Gwillimbury (T),--,--,--,--,--,--,--,--,--,--,--,--
Ont./Ont.,Toronto,Georgina (T),--,--,--,--,--,--,--,--,--,--,--,--
Ont./Ont.,Toronto,Toronto (C),"2,122,235","1,750,000","2,150,000","2,500,000","1,037,714",--,--,--,"2,066,822","1,750,000","2,150,000","2,500,000"
Ont./Ont.,Toronto,Mississauga (CY),--,--,--,--,--,--,--,--,--,--,--,--
Ont./Ont.,Toronto,Brampton (CY),--,--,--,--,--,--,--,--,--,--,--,--
Ont./Ont.,Toronto,Caledon (T),--,--,--,--,--,--,--,--,--,--,--,--
Ont./Ont.,Toronto,Mono (T),--,--,--,--,--,--,--,--,--,--,--,--
Ont./Ont.,Toronto,Orangeville (T),--,--,--,--,--,--,--,--,--,--,--,--
Ont./Ont.,Toronto,Oakville (T),"2,719,496","885,000","2,225,000","3,000,000",--,--,--,--,"2,719,496","885,000","2,225,000","3,000,000"
Ont./Ont.,Toronto,Milton (T),--,--,--,--,--,--,--,--,--,--,--,--
Ont./Ont.,Toronto,Halton Hills (T),--,--,--,--,--,--,--,--,--,--,--,--
Ont./Ont.,Toronto,New Tecumseth (T),--,--,--,--,--,--,--,--,--,--,--,--
Ont./Ont.,Toronto,Bradford West Gwillimbury (T),--,--,--,--,--,--,--,--,--,--,--,--
Ont./Ont.,Toronto,Total,"2,045,188","1,300,000","2,000,000","2,480,000","844,638","620,000","770,000","1,150,000","1,957,610","1,200,000","2,000,000","2,400,000"
Ont./Ont.,Windsor,Amherstburg (T),"374,900",--,--,--,--,--,--,--,"374,900",--,--,--
Ont./Ont.,Windsor,LaSalle (T),"562,627","480,000","525,000","610,000",--,--,--,--,"562,627","480,000","525,000","610,000"
Ont./Ont.,Windsor,Windsor (CY),"467,700","390,000","450,000","550,000","294,633",--,--,--,"388,691","390,000","450,000","550,000"
Ont./Ont.,Windsor,Tecumseh (T),"472,757",--,--,--,--,--,--,--,"472,757",--,--,--
Ont./Ont.,Windsor,Lakeshore (T),"489,254","380,000","450,000","510,000",--,--,--,--,"489,254","380,000","450,000","510,000"
Ont./Ont.,Windsor,Total,"482,006","385,000","450,000","520,000","299,011","260,000","280,000","300,000","441,604","350,000","410,000","500,000"
Ont./Ont.,Chatham-Kent,Chatham-Kent (MU),--,--,--,--,--,--,--,--,--,--,--,--
Ont./Ont.,Chatham-Kent,Total,--,--,--,--,--,--,--,--,--,--,--,--
Ont./Ont.,Cornwall,South Stormont (TP),--,--,--,--,--,--,--,--,--,--,--,--
Ont./Ont.,Cornwall,Cornwall (CY),--,--,--,--,--,--,--,--,--,--,--,--
Ont./Ont.,Cornwall,Total,--,--,--,--,--,--,--,--,--,--,--,--
Ont./Ont.,Kawartha Lakes,Kawartha Lakes (CY),--,--,--,--,--,--,--,--,--,--,--,--
Ont./Ont.,Kawartha Lakes,Total,--,--,--,--,--,--,--,--,--,--,--,--
Ont./Ont.,Norfolk,Norfolk County (CY),"398,821","350,000","390,000","485,000",--,--,--,--,"398,821","350,000","390,000","485,000"
Ont./Ont.,Norfolk,Total,"398,821","350,000","390,000","485,000",--,--,--,--,"398,821","350,000","390,000","485,000"
Ont./Ont.,North Bay,Bonfield (TP),--,--,--,--,--,--,--,--,--,--,--,--
Ont./Ont.,North Bay,Chisholm (TP),--,--,--,--,--,--,--,--,--,--,--,--
Ont./Ont.,North Bay,East Ferris (MU),--,--,--,--,--,--,--,--,--,--,--,--
Ont./Ont.,North Bay,North Bay (CY),--,--,--,--,--,--,--,--,--,--,--,--
Ont./Ont.,North Bay,"Nipissing, Unorganized, North Part (NO)",--,--,--,--,--,--,--,--,--,--,--,--
Ont./Ont.,North Bay,Powassan (MU),--,--,--,--,--,--,--,--,--,--,--,--
Ont./Ont.,North Bay,Callander (MU),--,--,--,--,--,--,--,--,--,--,--,--
Ont./Ont.,North Bay,Nipissing (TP),--,--,--,--,--,--,--,--,--,--,--,--
Ont./Ont.,North Bay,Total,--,--,--,--,--,--,--,--,--,--,--,--
Ont./Ont.,Sarnia,St. Clair (TP),"382,420",--,--,--,--,--,--,--,"382,420",--,--,--
Ont./Ont.,Sarnia,Sarnia (CY),"445,558",--,--,--,--,--,--,--,"445,558",--,--,--
Ont./Ont.,Sarnia,Point Edward (VL),--,--,--,--,--,--,--,--,--,--,--,--
Ont./Ont.,Sarnia,Plympton-Wyoming (T),--,--,--,--,--,--,--,--,--,--,--,--
Ont./Ont.,Sarnia,Total,"443,023","375,000","475,000","520,000",--,--,--,--,"443,023","375,000","475,000","520,000"
Ont./Ont.,Sault Ste. Marie,Laird (TP),--,--,--,--,--,--,--,--,--,--,--,--
Ont./Ont.,Sault Ste. Marie,"Macdonald, Meredith and Aberdeen Additional (TP)",--,--,--,--,--,--,--,--,--,--,--,--
Ont./Ont.,Sault Ste. Marie,Sault Ste. Marie (CY),--,--,--,--,--,--,--,--,--,--,--,--
Ont./Ont.,Sault Ste. Marie,Prince (TP),--,--,--,--,--,--,--,--,--,--,--,--
Ont./Ont.,Sault Ste. Marie,Total,--,--,--,--,--,--,--,--,--,--,--,--
Ont./Ont.,Total,Total,"941,199","450,000","555,000","1,000,000","493,366","295,000","410,000","562,500","894,171","430,000","550,000","950,000"
Man./Man.,Winnipeg,Taché (RM),"322,699",--,--,--,--,--,--,--,"322,699",--,--,--
Man./Man.,Winnipeg,Ritchot (RM),--,--,--,--,--,--,--,--,--,--,--,--
Man./Man.,Winnipeg,Macdonald (RM),"527,419","415,000","552,500","710,000",--,--,--,--,"527,419","415,000","552,500","710,000"
Man./Man.,Winnipeg,St. François Xavier (RM),--,--,--,--,--,--,--,--,--,--,--,--
Man./Man.,Winnipeg,Winnipeg (CY),"495,196","375,000","450,000","565,000",--,--,--,--,"495,196","375,000","450,000","565,000"
Man./Man.,Winnipeg,Headingley (RM),"746,987","680,000","720,000","740,000",--,--,--,--,"746,987","680,000","720,000","740,000"
Man./Man.,Winnipeg,Springfield (RM),"436,214",--,--,--,--,--,--,--,"436,214",--,--,--
Man./Man.,Winnipeg,East St. Paul (RM),"714,914",--,--,--,--,--,--,--,"714,914",--,--,--
Man./Man.,Winnipeg,West St. Paul (RM),--,--,--,--,--,--,--,--,--,--,--,--
Man./Man.,Winnipeg,St. Clements (RM),--,--,--,--,--,--,--,--,--,--,--,--
Man./Man.,Winnipeg,First Nations (Winnipeg) (R),--,--,--,--,--,--,--,--,--,--,--,--
Man./Man.,Winnipeg,Rosser (RM),--,--,--,--,--,--,--,--,--,--,--,--
Man./Man.,Winnipeg,Total,"506,048","375,000","475,000","590,000",--,--,--,--,"506,048","375,000","475,000","590,000"
Man./Man.,Brandon,Oakland-Wawanesa (MU),--,--,--,--,--,--,--,--,--,--,--,--
Man./Man.,Brandon,Whitehead (RM),--,--,--,--,--,--,--,--,--,--,--,--
Man./Man.,Brandon,Cornwallis (RM),--,--,--,--,--,--,--,--,--,--,--,--
Man./Man.,Brandon,Brandon (CY),--,--,--,--,--,--,--,--,--,--,--,--
Man./Man.,Brandon,Elton (RM),--,--,--,--,--,--,--,--,--,--,--,--
Man./Man.,Brandon,Total,"406,892","352,500","387,500","475,000",--,--,--,--,"406,892","352,500","387,500","475,000"
Man./Man.,Total,Total,"501,436","370,000","467,500","580,000","310,165","290,000","315,000","330,000","476,881","340,000","430,000","570,000"
Sask./Sask.,Regina,Lajord No. 128 (RM),--,--,--,--,--,--,--,--,--,--,--,--
Sask./Sask.,Regina,Pense No. 160 (RM),--,--,--,--,--,--,--,--,--,--,--,--
Sask./Sask.,Regina,Belle Plaine (VL),--,--,--,--,--,--,--,--,--,--,--,--
Sask./Sask.,Regina,Pense (T),--,--,--,--,--,--,--,--,--,--,--,--
Sask./Sask.,Regina,Sherwood No. 159 (RM),--,--,--,--,--,--,--,--,--,--,--,--
Sask./Sask.,Regina,Regina (CY),"538,397",--,--,--,"329,664","310,000","327,500","340,000","466,538","310,000","327,500","340,000"
Sask./Sask.,Regina,Grand Coulee (VL),--,--,--,--,--,--,--,--,--,--,--,--
Sask./Sask.,Regina,Edenwold No. 158 (RM),--,--,--,--,--,--,--,--,--,--,--,--
Sask./Sask.,Regina,White City (T),"552,643",--,--,--,--,--,--,--,"552,643",--,--,--
Sask./Sask.,Regina,Pilot Butte (T),--,--,--,--,--,--,--,--,--,--,--,--
Sask./Sask.,Regina,Balgonie (T),--,--,--,--,--,--,--,--,--,--,--,--
Sask./Sask.,Regina,Edenwold (VL),--,--,--,--,--,--,--,--,--,--,--,--
Sask./Sask.,Regina,Lumsden No. 189 (RM),--,--,--,--,--,--,--,--,--,--,--,--
Sask./Sask.,Regina,Disley (VL),--,--,--,--,--,--,--,--,--,--,--,--
Sask./Sask.,Regina,Buena Vista (VL),--,--,--,--,--,--,--,--,--,--,--,--
Sask./Sask.,Regina,Lumsden (T),--,--,--,--,--,--,--,--,--,--,--,--
Sask./Sask.,Regina,Lumsden Beach (RV),--,--,--,--,--,--,--,--,--,--,--,--
Sask./Sask.,Regina,Regina Beach (T),--,--,--,--,--,--,--,--,--,--,--,--
Sask./Sask.,Regina,Total,"539,543","430,000","490,000","600,000","329,664","310,000","327,500","340,000","471,210","340,000","440,000","540,000"
Sask./Sask.,Saskatoon,Thode (RV),--,--,--,--,--,--,--,--,--,--,--,--
Sask./Sask.,Saskatoon,Dundurn No. 314 (RM),--,--,--,--,--,--,--,--,--,--,--,--
Sask./Sask.,Saskatoon,Dundurn (T),--,--,--,--,--,--,--,--,--,--,--,--
Sask./Sask.,Saskatoon,Shields (RV),--,--,--,--,--,--,--,--,--,--,--,--
Sask./Sask.,Saskatoon,Corman Park No. 344 (RM),--,--,--,--,--,--,--,--,--,--,--,--
Sask./Sask.,Saskatoon,Saskatoon (CY),"458,518","380,000","435,000","490,000","490,252",--,--,--,"464,831","380,000","435,000","490,000"
Sask./Sask.,Saskatoon,Langham (T),--,--,--,--,--,--,--,--,--,--,--,--
Sask./Sask.,Saskatoon,Warman (CY),"387,951",--,--,--,--,--,--,--,"387,951",--,--,--
Sask./Sask.,Saskatoon,Blucher No. 343 (RM),--,--,--,--,--,--,--,--,--,--,--,--
Sask./Sask.,Saskatoon,Martensville (CY),"326,816","300,000","325,000","370,000",--,--,--,--,"326,816","300,000","325,000","370,000"
Sask./Sask.,Saskatoon,Bradwell (VL),--,--,--,--,--,--,--,--,--,--,--,--
Sask./Sask.,Saskatoon,Allan (T),--,--,--,--,--,--,--,--,--,--,--,--
Sask./Sask.,Saskatoon,Dalmeny (T),--,--,--,--,--,--,--,--,--,--,--,--
Sask./Sask.,Saskatoon,Osler (T),--,--,--,--,--,--,--,--,--,--,--,--
Sask./Sask.,Saskatoon,Colonsay No. 342 (RM),--,--,--,--,--,--,--,--,--,--,--,--
Sask./Sask.,Saskatoon,Clavet (VL),--,--,--,--,--,--,--,--,--,--,--,--
Sask./Sask.,Saskatoon,Meacham (VL),--,--,--,--,--,--,--,--,--,--,--,--
Sask./Sask.,Saskatoon,Colonsay (T),--,--,--,--,--,--,--,--,--,--,--,--
Sask./Sask.,Saskatoon,First Nations (Saskatoon) (R),--,--,--,--,--,--,--,--,--,--,--,--
Sask./Sask.,Saskatoon,Vanscoy No. 345 (RM),--,--,--,--,--,--,--,--,--,--,--,--
Sask./Sask.,Saskatoon,Delisle (T),--,--,--,--,--,--,--,--,--,--,--,--
Sask./Sask.,Saskatoon,Vanscoy (VL),--,--,--,--,--,--,--,--,--,--,--,--
Sask./Sask.,Saskatoon,Asquith (T),--,--,--,--,--,--,--,--,--,--,--,--
Sask./Sask.,Saskatoon,Aberdeen No. 373 (RM),--,--,--,--,--,--,--,--,--,--,--,--
Sask./Sask.,Saskatoon,Aberdeen (T),--,--,--,--,--,--,--,--,--,--,--,--
Sask./Sask.,Saskatoon,Total,"429,337","350,000","400,000","470,000","458,698","287,500","320,000","530,000","434,505","340,000","397,500","480,000"
Sask./Sask.,Total,Total,"462,060","370,000","435,000","500,000","395,681","300,000","327,500","355,000","446,998","340,000","400,000","490,000"
Alta/Alb.,Calgary,Rocky View County (MD),"1,596,074","1,085,000","1,370,000","2,000,000",--,--,--,--,"1,596,074","1,085,000","1,370,000","2,000,000"
Alta/Alb.,Calgary,Calgary (CY),"715,087","535,000","600,000","760,000","654,866","400,000","580,000","850,000","694,972","500,000","600,000","800,000"
Alta/Alb.,Calgary,Chestermere (CY),"674,732","570,000","685,000","740,000",--,--,--,--,"674,732","570,000","685,000","740,000"
Alta/Alb.,Calgary,Cochrane (T),"534,503","420,000","507,500","625,000",--,--,--,--,"534,503","420,000","507,500","625,000"
Alta/Alb.,Calgary,Airdrie (CY),"554,591","470,000","532,500","607,500",--,--,--,--,"554,591","470,000","532,500","607,500"
Alta/Alb.,Calgary,Irricana (T),--,--,--,--,--,--,--,--,--,--,--,--
Alta/Alb.,Calgary,Beiseker (VL),--,--,--,--,--,--,--,--,--,--,--,--
Alta/Alb.,Calgary,Crossfield (T),"398,533","330,000","397,500","470,000",--,--,--,--,"398,533","330,000","397,500","470,000"
Alta/Alb.,Calgary,First Nations (Calgary) (R),--,--,--,--,--,--,--,--,--,--,--,--
Alta/Alb.,Calgary,Total,"722,423","510,000","600,000","760,000","634,735","395,000","575,000","840,000","697,290","470,000","590,000","790,000"
Alta/Alb.,Edmonton,Bruderheim (T),--,--,--,--,--,--,--,--,--,--,--,--
Alta/Alb.,Edmonton,Leduc County (MD),"741,969",--,--,--,--,--,--,--,"741,969",--,--,--
Alta/Alb.,Edmonton,Beaumont (T),"534,407","480,000","540,000","575,000",--,--,--,--,"534,407","480,000","540,000","575,000"
Alta/Alb.,Edmonton,Leduc (CY),"482,672","360,000","430,000","500,000","350,523","320,000","355,000","370,000","440,195","350,000","375,000","470,000"
Alta/Alb.,Edmonton,Devon (T),"403,000",--,--,--,--,--,--,--,"403,000",--,--,--
Alta/Alb.,Edmonton,Calmar (T),--,--,--,--,--,--,--,--,--,--,--,--
Alta/Alb.,Edmonton,Sundance Beach (SV),--,--,--,--,--,--,--,--,--,--,--,--
Alta/Alb.,Edmonton,Thorsby (VL),--,--,--,--,--,--,--,--,--,--,--,--
Alta/Alb.,Edmonton,Itaska Beach (SV),--,--,--,--,--,--,--,--,--,--,--,--
Alta/Alb.,Edmonton,Golden Days (SV),--,--,--,--,--,--,--,--,--,--,--,--
Alta/Alb.,Edmonton,Warburg (VL),--,--,--,--,--,--,--,--,--,--,--,--
Alta/Alb.,Edmonton,Parkland County (MD),"447,471",--,--,--,--,--,--,--,"447,471",--,--,--
Alta/Alb.,Edmonton,Seba Beach (SV),--,--,--,--,--,--,--,--,--,--,--,--
Alta/Alb.,Edmonton,Betula Beach (SV),--,--,--,--,--,--,--,--,--,--,--,--
Alta/Alb.,Edmonton,Point Alison (SV),--,--,--,--,--,--,--,--,--,--,--,--
Alta/Alb.,Edmonton,Lakeview (SV),--,--,--,--,--,--,--,--,--,--,--,--
Alta/Alb.,Edmonton,Kapasiwin (SV),--,--,--,--,--,--,--,--,--,--,--,--
Alta/Alb.,Edmonton,Wabamun (VL),--,--,--,--,--,--,--,--,--,--,--,--
Alta/Alb.,Edmonton,Spring Lake (VL),--,--,--,--,--,--,--,--,--,--,--,--
Alta/Alb.,Edmonton,Stony Plain (T),"513,765","410,000","450,000","580,000",--,--,--,--,"513,765","410,000","450,000","580,000"
Alta/Alb.,Edmonton,Spruce Grove (CY),"471,586","375,000","450,000","537,500","380,974","345,000","360,000","415,000","424,037","350,000","385,000","450,000"
Alta/Alb.,Edmonton,Strathcona County (SM),"696,258","510,000","597,500","750,000","455,798","367,500","410,000","570,000","578,699","395,000","530,000","620,000"
Alta/Alb.,Edmonton,Fort Saskatchewan (CY),"471,190","430,000","465,000","500,000","327,014","315,000","325,000","335,000","406,078","325,000","420,000","470,000"
Alta/Alb.,Edmonton,Sturgeon County (MD),--,--,--,--,--,--,--,--,--,--,--,--
Alta/Alb.,Edmonton,Edmonton (CY),"570,701","440,000","530,000","610,000","391,586","350,000","370,000","410,000","509,540","375,000","470,000","580,000"
Alta/Alb.,Edmonton,St. Albert (CY),"724,845","590,000","677,500","825,000",--,--,--,--,"724,845","590,000","677,500","825,000"
Alta/Alb.,Edmonton,Gibbons (T),--,--,--,--,--,--,--,--,--,--,--,--
Alta/Alb.,Edmonton,Redwater (T),--,--,--,--,--,--,--,--,--,--,--,--
Alta/Alb.,Edmonton,Bon Accord (T),--,--,--,--,--,--,--,--,--,--,--,--
Alta/Alb.,Edmonton,Morinville (T),"301,980",--,--,--,--,--,--,--,"301,980",--,--,--
Alta/Alb.,Edmonton,Legal (T),--,--,--,--,--,--,--,--,--,--,--,--
Alta/Alb.,Edmonton,First Nations (Edmonton) (R),--,--,--,--,--,--,--,--,--,--,--,--
Alta/Alb.,Edmonton,Total,"561,659","430,000","515,000","610,000","390,834","345,000","365,000","410,000","500,131","370,000","450,000","575,000"
Alta/Alb.,Lethbridge,Lethbridge County (MD),--,--,--,--,--,--,--,--,--,--,--,--
Alta/Alb.,Lethbridge,Lethbridge (CY),"406,556",--,--,--,--,--,--,--,"406,556",--,--,--
Alta/Alb.,Lethbridge,Coalhurst (T),--,--,--,--,--,--,--,--,--,--,--,--
Alta/Alb.,Lethbridge,Nobleford (VL),--,--,--,--,--,--,--,--,--,--,--,--
Alta/Alb.,Lethbridge,Barons (VL),--,--,--,--,--,--,--,--,--,--,--,--
Alta/Alb.,Lethbridge,Picture Butte (T),--,--,--,--,--,--,--,--,--,--,--,--
Alta/Alb.,Lethbridge,Coaldale (T),--,--,--,--,--,--,--,--,--,--,--,--
Alta/Alb.,Lethbridge,Total,"406,317","355,000","380,000","425,000","350,922",--,--,--,"402,831","355,000","380,000","425,000"
Alta/Alb.,Grande Prairie,Grande Prairie (CY),"444,545","385,000","440,000","480,000","298,410",--,--,--,"422,063","385,000","440,000","480,000"
Alta/Alb.,Grande Prairie,Total,"444,545","385,000","440,000","480,000","298,410",--,--,--,"422,063","385,000","440,000","480,000"
Alta/Alb.,Medicine Hat,Cypress County (MD),--,--,--,--,--,--,--,--,--,--,--,--
Alta/Alb.,Medicine Hat,Medicine Hat (CY),"437,969",--,--,--,"274,143",--,--,--,"380,630",--,--,--
Alta/Alb.,Medicine Hat,Redcliff (T),--,--,--,--,--,--,--,--,--,--,--,--
Alta/Alb.,Medicine Hat,Total,"481,200","420,000","450,000","500,000","274,143",--,--,--,"423,224","420,000","450,000","500,000"
Alta/Alb.,Red Deer,Red Deer (CY),"520,983","355,000","480,000","640,000","436,849",--,--,--,"513,448","355,000","480,000","640,000"
Alta/Alb.,Red Deer,Total,"520,983","355,000","480,000","640,000","436,849",--,--,--,"513,448","355,000","480,000","640,000"
Alta/Alb.,Wood Buffalo,Wood Buffalo (SM),--,--,--,--,"493,557",--,--,--,"493,557",--,--,--
Alta/Alb.,Wood Buffalo,First Nations (Wood Buffalo) (R),--,--,--,--,--,--,--,--,--,--,--,--
Alta/Alb.,Wood Buffalo,Total,--,--,--,--,"493,557",--,--,--,"493,557",--,--,--
Alta/Alb.,Total,Total,"590,818","420,000","525,000","635,000","461,128","350,000","380,000","495,000","551,292","380,000","480,000","605,000"
B.C./C.-B.,Abbotsford - Mission,Abbotsford (CY),"989,667","810,000","945,000","1,150,000",--,--,--,--,"989,667","810,000","945,000","1,150,000"
B.C./C.-B.,Abbotsford - Mission,Mission (DM),"930,142","780,000","880,000","1,140,000",--,--,--,--,"930,142","780,000","880,000","1,140,000"
B.C./C.-B.,Abbotsford - Mission,First Nations (Abbotsford-Mission) (R),--,--,--,--,--,--,--,--,--,--,--,--
B.C./C.-B.,Abbotsford - Mission,Total,"968,545","800,000","890,000","1,150,000",--,--,--,--,"968,545","800,000","890,000","1,150,000"
B.C./C.-B.,Kelowna,Kelowna (CY),"1,180,872",--,--,--,--,--,--,--,"1,180,872",--,--,--
B.C./C.-B.,Kelowna,Central Okanagan (RDA),--,--,--,--,--,--,--,--,--,--,--,--
B.C./C.-B.,Kelowna,Lake Country (DM),--,--,--,--,--,--,--,--,--,--,--,--
B.C./C.-B.,Kelowna,Peachland (DM),--,--,--,--,--,--,--,--,--,--,--,--
B.C./C.-B.,Kelowna,Central Okanagan J (RDA),--,--,--,--,--,--,--,--,--,--,--,--
B.C./C.-B.,Kelowna,West Kelowna (DM),--,--,--,--,--,--,--,--,--,--,--,--
B.C./C.-B.,Kelowna,First Nations (Kelowna) (R),--,--,--,--,--,--,--,--,--,--,--,--
B.C./C.-B.,Kelowna,Total,"1,169,182","747,500","1,200,000","1,495,000","631,625",--,--,--,"1,086,481","747,500","1,200,000","1,495,000"
B.C./C.-B.,Vancouver,Langley (DM),"1,558,046","1,075,000","1,350,000","1,690,000",--,--,--,--,"1,558,046","1,075,000","1,350,000","1,690,000"
B.C./C.-B.,Vancouver,Langley (CY),--,--,--,--,--,--,--,--,--,--,--,--
B.C./C.-B.,Vancouver,Surrey (CY),"1,649,636","1,200,000","1,470,000","1,795,000",--,--,--,--,"1,649,636","1,200,000","1,470,000","1,795,000"
B.C./C.-B.,Vancouver,White Rock (CY),"2,714,306","2,085,000","2,645,000","3,295,000",--,--,--,--,"2,714,306","2,085,000","2,645,000","3,295,000"
B.C./C.-B.,Vancouver,Delta (DM),"2,035,024","1,607,500","2,000,000","2,235,000",--,--,--,--,"2,035,024","1,607,500","2,000,000","2,235,000"
B.C./C.-B.,Vancouver,Richmond (CY),"3,076,176","2,500,000","3,000,000","3,550,000",--,--,--,--,"3,076,176","2,500,000","3,000,000","3,550,000"
B.C./C.-B.,Vancouver,Greater Vancouver A (RDA),--,--,--,--,--,--,--,--,--,--,--,--
B.C./C.-B.,Vancouver,Vancouver (CY),"3,975,413","2,425,000","3,000,000","4,895,000","1,334,916","1,200,000","1,250,000","1,400,000","3,608,885","2,000,000","2,800,000","4,390,000"
B.C./C.-B.,Vancouver,Burnaby (CY),"2,558,409","2,150,000","2,500,000","2,890,000","1,669,903","1,400,000","1,590,000","1,740,000","2,355,322","1,730,000","2,280,000","2,800,000"
B.C./C.-B.,Vancouver,New Westminster (CY),"1,603,821","1,350,000","1,700,000","1,800,000",--,--,--,--,"1,603,821","1,350,000","1,700,000","1,800,000"
B.C./C.-B.,Vancouver,Coquitlam (CY),"2,227,054","1,680,000","2,200,000","2,775,000","1,221,250",--,--,--,"2,095,145","1,680,000","2,200,000","2,775,000"
B.C./C.-B.,Vancouver,Belcarra (VL),--,--,--,--,--,--,--,--,--,--,--,--
B.C./C.-B.,Vancouver,Anmore (VL),--,--,--,--,--,--,--,--,--,--,--,--
B.C./C.-B.,Vancouver,Port Coquitlam (CY),"1,255,983",--,--,--,--,--,--,--,"1,255,983",--,--,--
B.C./C.-B.,Vancouver,Port Moody (CY),--,--,--,--,--,--,--,--,--,--,--,--
B.C./C.-B.,Vancouver,North Vancouver (DM),"3,383,620","2,665,000","3,490,000","3,965,000",--,--,--,--,"3,383,620","2,665,000","3,490,000","3,965,000"
B.C./C.-B.,Vancouver,North Vancouver (CY),"2,541,917","1,937,500","2,865,000","2,990,000","1,828,794",--,--,--,"2,217,770","1,937,500","2,865,000","2,990,000"
B.C./C.-B.,Vancouver,West Vancouver (DM),"7,317,775","5,000,000","6,250,000","8,650,000",--,--,--,--,"7,317,775","5,000,000","6,250,000","8,650,000"
B.C./C.-B.,Vancouver,Bowen Island (IM),--,--,--,--,--,--,--,--,--,--,--,--
B.C./C.-B.,Vancouver,Lions Bay (VL),--,--,--,--,--,--,--,--,--,--,--,--
B.C./C.-B.,Vancouver,Pitt Meadows (CY),--,--,--,--,--,--,--,--,--,--,--,--
B.C./C.-B.,Vancouver,Maple Ridge (CY),"1,196,315",--,--,--,--,--,--,--,"1,196,315",--,--,--
B.C./C.-B.,Vancouver,First Nations (Vancouver) (R),--,--,--,--,--,--,--,--,--,--,--,--
B.C./C.-B.,Vancouver,Total,"3,462,562","2,000,000","2,890,000","4,000,000","1,415,890","1,200,000","1,370,000","1,590,000","3,273,121","1,900,000","2,695,000","3,800,000"
B.C./C.-B.,Victoria,North Saanich (DM),--,--,--,--,--,--,--,--,--,--,--,--
B.C./C.-B.,Victoria,Sidney (T),--,--,--,--,--,--,--,--,--,--,--,--
B.C./C.-B.,Victoria,Central Saanich (DM),--,--,--,--,--,--,--,--,--,--,--,--
B.C./C.-B.,Victoria,Saanich (DM),"2,649,167",--,--,--,--,--,--,--,"2,649,167",--,--,--
B.C./C.-B.,Victoria,Oak Bay (DM),--,--,--,--,--,--,--,--,--,--,--,--
B.C./C.-B.,Victoria,Victoria (CY),--,--,--,--,--,--,--,--,--,--,--,--
B.C./C.-B.,Victoria,Esquimalt (DM),--,--,--,--,--,--,--,--,--,--,--,--
B.C./C.-B.,Victoria,Colwood (CY),"984,071",--,--,--,--,--,--,--,"984,071",--,--,--
B.C./C.-B.,Victoria,Metchosin (DM),--,--,--,--,--,--,--,--,--,--,--,--
B.C./C.-B.,Victoria,Langford (CY),"1,215,765","900,000","925,000","1,260,000",--,--,--,--,"1,215,765","900,000","925,000","1,260,000"
B.C./C.-B.,Victoria,View Royal (T),--,--,--,--,--,--,--,--,--,--,--,--
B.C./C.-B.,Victoria,Highlands (DM),--,--,--,--,--,--,--,--,--,--,--,--
B.C./C.-B.,Victoria,Sooke (DM),--,--,--,--,--,--,--,--,--,--,--,--
B.C./C.-B.,Victoria,Juan de Fuca (Part 1) (RDA),--,--,--,--,--,--,--,--,--,--,--,--
B.C./C.-B.,Victoria,First Nations (Victoria) (R),--,--,--,--,--,--,--,--,--,--,--,--
B.C./C.-B.,Victoria,Total,"1,406,937","900,000","1,000,000","1,695,000",--,--,--,--,"1,406,937","900,000","1,000,000","1,695,000"
B.C./C.-B.,Chilliwack,Chilliwack (CY),"709,047",--,--,--,--,--,--,--,"709,047",--,--,--
B.C./C.-B.,Chilliwack,Harrison Hot Springs (VL),--,--,--,--,--,--,--,--,--,--,--,--
B.C./C.-B.,Chilliwack,Kent (DM),--,--,--,--,--,--,--,--,--,--,--,--
B.C./C.-B.,Chilliwack,Fraser Valley D (RDA),--,--,--,--,--,--,--,--,--,--,--,--
B.C./C.-B.,Chilliwack,Fraser Valley H (RDA),--,--,--,--,--,--,--,--,--,--,--,--
B.C./C.-B.,Chilliwack,Fraser Valley E (RDA),--,--,--,--,--,--,--,--,--,--,--,--
B.C./C.-B.,Chilliwack,First Nations (Chilliwack) (R),--,--,--,--,--,--,--,--,--,--,--,--
B.C./C.-B.,Chilliwack,Total,"730,347","600,000","725,000","825,000",--,--,--,--,"730,347","600,000","725,000","825,000"
B.C./C.-B.,Courtenay,Comox (T),--,--,--,--,--,--,--,--,--,--,--,--
B.C./C.-B.,Courtenay,Courtenay (CY),--,--,--,--,--,--,--,--,--,--,--,--
B.C./C.-B.,Courtenay,Comox Valley A (RDA),--,--,--,--,--,--,--,--,--,--,--,--
B.C./C.-B.,Courtenay,Comox Valley B (Lazo North) (RDA),--,--,--,--,--,--,--,--,--,--,--,--
B.C./C.-B.,Courtenay,First Nations (Courtenay) (R),--,--,--,--,--,--,--,--,--,--,--,--
B.C./C.-B.,Courtenay,Total,"601,203","530,000","585,000","665,000",--,--,--,--,"601,203","530,000","585,000","665,000"
B.C./C.-B.,Kamloops,Logan Lake (DM),--,--,--,--,--,--,--,--,--,--,--,--
B.C./C.-B.,Kamloops,Thompson-Nicola J (Copper Desert Country) (RDA),--,--,--,--,--,--,--,--,--,--,--,--
B.C./C.-B.,Kamloops,Kamloops (CY),"547,246",--,--,--,"412,140",--,--,--,"485,834",--,--,--
B.C./C.-B.,Kamloops,Thompson-Nicola P (Rivers and the Peaks) (RDA),--,--,--,--,--,--,--,--,--,--,--,--
B.C./C.-B.,Kamloops,Sun Peaks Mountain (VL),--,--,--,--,--,--,--,--,--,--,--,--
B.C./C.-B.,Kamloops,Chase (VL),--,--,--,--,--,--,--,--,--,--,--,--
B.C./C.-B.,Kamloops,First Nations (Kamloops) (R),--,--,--,--,--,--,--,--,--,--,--,--
B.C./C.-B.,Kamloops,Total,"547,246",--,--,--,"412,140",--,--,--,"485,834",--,--,--
B.C./C.-B.,Nanaimo,Nanaimo (CY),"647,829","482,500","585,000","712,500",--,--,--,--,"647,829","482,500","585,000","712,500"
B.C./C.-B.,Nanaimo,Lantzville (DM),--,--,--,--,--,--,--,--,--,--,--,--
B.C./C.-B.,Nanaimo,Nanaimo A (RDA),--,--,--,--,--,--,--,--,--,--,--,--
B.C./C.-B.,Nanaimo,Nanaimo C (RDA),--,--,--,--,--,--,--,--,--,--,--,--
B.C./C.-B.,Nanaimo,First Nations (Nanaimo) (R),--,--,--,--,--,--,--,--,--,--,--,--
B.C./C.-B.,Nanaimo,Total,"647,829","482,500","585,000","712,500",--,--,--,--,"647,829","482,500","585,000","712,500"
B.C./C.-B.,Prince George,Prince George (CY),--,--,--,--,--,--,--,--,--,--,--,--
B.C./C.-B.,Prince George,Fraser-Fort George A (RDA),--,--,--,--,--,--,--,--,--,--,--,--
B.C./C.-B.,Prince George,Fraser-Fort George C (RDA),--,--,--,--,--,--,--,--,--,--,--,--
B.C./C.-B.,Prince George,Fraser-Fort George D (RDA),--,--,--,--,--,--,--,--,--,--,--,--
B.C./C.-B.,Prince George,Fraser-Fort George F (RDA),--,--,--,--,--,--,--,--,--,--,--,--
B.C./C.-B.,Prince George,First Nations (Prince George) (R),--,--,--,--,--,--,--,--,--,--,--,--
B.C./C.-B.,Prince George,Total,"515,901","420,000","522,500","585,000",--,--,--,--,"515,901","420,000","522,500","585,000"
B.C./C.-B.,Vernon,Coldstream (DM),--,--,--,--,--,--,--,--,--,--,--,--
B.C./C.-B.,Vernon,Vernon (CY),"777,543",--,--,--,--,--,--,--,"777,543",--,--,--
B.C./C.-B.,Vernon,North Okanagan B (RDA),--,--,--,--,--,--,--,--,--,--,--,--
B.C./C.-B.,Vernon,North Okanagan C (RDA),--,--,--,--,--,--,--,--,--,--,--,--
B.C./C.-B.,Vernon,First Nations (Vernon) (R),--,--,--,--,--,--,--,--,--,--,--,--
B.C./C.-B.,Vernon,Total,"777,543",--,--,--,"650,933",--,--,--,"691,218",--,--,--
B.C./C.-B.,Total,Total,"2,996,790","1,490,000","2,500,000","3,550,000","1,191,365","700,000","1,200,000","1,490,000","2,811,586","1,275,000","2,300,000","3,300,000"
"Canada (50,000+)",Total,Total,"1,252,202","425,000","575,000","1,400,000","450,202","270,000","350,000","455,000","1,053,297","365,000","505,000","950,000"
,,,,,,,,,,,,,,
© 2018 Canada Mortgage and Housing Corporation / © 2018 Société canadienne d'hypothèques et de logement,,,,,,,,,,,,,,
Source: CMHC (Starts and Completions Survey) / Source: SCHL (mises en chantier et des achèvements),,,,,,,,,,,,,,
,,,,,,,,,,,,,,
