"Price Quartiles and Averages for Absorbed Homeowner and Condominium Units by Dwelling Type and Census Subdivision for Centres 50,000+",,,,,,,,,,,,,,
"Quartiles et moyens de prix pour les propriétaires-occupants et des copropriétés écoulées selon la type de logements et la subdivision de recensement, les centres de 50 000 habitants et plus",,,,,,,,,,,,,,
2017,,,,,,,,,,,,,,
,,,,,,,,,,,,,,
,,,Single - Individuels,,,,Semi-detached - Jumelés,,,,Single and Semi-detached - Individuels et Jumelés,,,
Province,Centre,"Census Subdivision
Subdivision de recensement","Mean
Moyenne","Q1
T1","Median
Médiane","Q3
T3","Mean
Moyenne","Q1
T1","Median
Médiane","Q3
T3","Mean
Moyenne","Q1
T1","Median
Médiane","Q3
T3"
Nfld.Lab./T.-N.-L.,St. John's,Conception Bay South (T),"333,374","280,000","300,000","350,000",--,--,--,--,"333,374","280,000","300,000","350,000"
Nfld.Lab./T.-N.-L.,St. John's,Portugal Cove-St. Philip's (T),"426,556",--,--,--,--,--,--,--,"426,556",--,--,--
Nfld.Lab./T.-N.-L.,St. John's,Pouch Cove (T),--,--,--,--,--,--,--,--,--,--,--,--
Nfld.Lab./T.-N.-L.,St. John's,Flatrock (T),--,--,--,--,--,--,--,--,--,--,--,--
Nfld.Lab./T.-N.-L.,St. John's,Torbay (T),"488,267",--,--,--,--,--,--,--,"488,267",--,--,--
Nfld.Lab./T.-N.-L.,St. John's,Logy Bay-Middle Cove-Outer Cove (T),"1,110,611",--,--,--,--,--,--,--,"1,110,611",--,--,--
Nfld.Lab./T.-N.-L.,St. John's,Bauline (T),--,--,--,--,--,--,--,--,--,--,--,--
Nfld.Lab./T.-N.-L.,St. John's,Paradise (T),"387,281","345,000","360,000","430,000",--,--,--,--,"387,281","345,000","360,000","430,000"
Nfld.Lab./T.-N.-L.,St. John's,St. John's (CY),"431,425","350,000","385,000","460,000",--,--,--,--,"431,425","350,000","385,000","460,000"
Nfld.Lab./T.-N.-L.,St. John's,Mount Pearl (CY),"333,222",--,--,--,--,--,--,--,"333,222",--,--,--
Nfld.Lab./T.-N.-L.,St. John's,Petty Harbour-Maddox Cove (T),--,--,--,--,--,--,--,--,--,--,--,--
Nfld.Lab./T.-N.-L.,St. John's,Bay Bulls (T),--,--,--,--,--,--,--,--,--,--,--,--
Nfld.Lab./T.-N.-L.,St. John's,Witless Bay (T),--,--,--,--,--,--,--,--,--,--,--,--
Nfld.Lab./T.-N.-L.,St. John's,Total,"407,745","325,000","360,000","440,000","274,512",--,--,--,"402,445","325,000","360,000","440,000"
Nfld.Lab./T.-N.-L.,Total,Total,"407,745","325,000","360,000","440,000","274,512",--,--,--,"402,445","325,000","360,000","440,000"
P.E.I./Î.-P.-É.,Charlottetown,Lot 49 (LOT),--,--,--,--,--,--,--,--,--,--,--,--
P.E.I./Î.-P.-É.,Charlottetown,Lot 48 (LOT),--,--,--,--,--,--,--,--,--,--,--,--
P.E.I./Î.-P.-É.,Charlottetown,Lot 31 (LOT),--,--,--,--,--,--,--,--,--,--,--,--
P.E.I./Î.-P.-É.,Charlottetown,Lot 65 (LOT),"356,000",--,--,--,--,--,--,--,"356,000",--,--,--
P.E.I./Î.-P.-É.,Charlottetown,Meadowbank (COM),--,--,--,--,--,--,--,--,--,--,--,--
P.E.I./Î.-P.-É.,Charlottetown,Clyde River (COM),--,--,--,--,--,--,--,--,--,--,--,--
P.E.I./Î.-P.-É.,Charlottetown,Miltonvale Park (COM),--,--,--,--,--,--,--,--,--,--,--,--
P.E.I./Î.-P.-É.,Charlottetown,Brackley (COM),--,--,--,--,--,--,--,--,--,--,--,--
P.E.I./Î.-P.-É.,Charlottetown,Lot 33 (LOT),"223,375",--,--,--,--,--,--,--,"223,375",--,--,--
P.E.I./Î.-P.-É.,Charlottetown,Union Road (COM),--,--,--,--,--,--,--,--,--,--,--,--
P.E.I./Î.-P.-É.,Charlottetown,Lot 34 (LOT),"382,778",--,--,--,--,--,--,--,"382,778",--,--,--
P.E.I./Î.-P.-É.,Charlottetown,Lot 35 (LOT),--,--,--,--,--,--,--,--,--,--,--,--
P.E.I./Î.-P.-É.,Charlottetown,Lot 36 (LOT),--,--,--,--,--,--,--,--,--,--,--,--
P.E.I./Î.-P.-É.,Charlottetown,Lot 37 (LOT),--,--,--,--,--,--,--,--,--,--,--,--
P.E.I./Î.-P.-É.,Charlottetown,Mount Stewart (COM),--,--,--,--,--,--,--,--,--,--,--,--
P.E.I./Î.-P.-É.,Charlottetown,Winsloe South (COM),--,--,--,--,--,--,--,--,--,--,--,--
P.E.I./Î.-P.-É.,Charlottetown,Warren Grove (COM),--,--,--,--,--,--,--,--,--,--,--,--
P.E.I./Î.-P.-É.,Charlottetown,Charlottetown (CY),"350,402",--,--,--,--,--,--,--,"350,402",--,--,--
P.E.I./Î.-P.-É.,Charlottetown,Stratford (T),"383,031",--,--,--,--,--,--,--,"383,031",--,--,--
P.E.I./Î.-P.-É.,Charlottetown,Cornwall (T),"315,100",--,--,--,--,--,--,--,"315,100",--,--,--
P.E.I./Î.-P.-É.,Charlottetown,Total,"312,182","225,000","310,000","385,000","239,189",--,--,--,"309,223","225,000","310,000","385,000"
P.E.I./Î.-P.-É.,Total,Total,"312,182","225,000","310,000","385,000","239,189",--,--,--,"309,223","225,000","310,000","385,000"
N.S./N.-É.,Halifax,Halifax (RGM),"498,244","375,000","460,000","545,000","281,512","265,000","275,000","285,000","487,867","290,000","432,500","515,000"
N.S./N.-É.,Halifax,Total,"498,244","375,000","460,000","545,000","281,512","265,000","275,000","285,000","487,867","290,000","432,500","515,000"
N.S./N.-É.,Cape Breton,Cape Breton (RGM),"245,598","182,500","230,000","277,500",--,--,--,--,"245,598","182,500","230,000","277,500"
N.S./N.-É.,Cape Breton,Total,"245,598","182,500","230,000","277,500",--,--,--,--,"245,598","182,500","230,000","277,500"
N.S./N.-É.,Total,Total,"461,496","305,000","415,000","500,000","285,354","265,000","270,000","285,000","436,511","285,000","390,000","490,000"
N.B./N.-B.,Moncton,Hopewell (P),--,--,--,--,--,--,--,--,--,--,--,--
N.B./N.-B.,Moncton,Elgin (P),--,--,--,--,--,--,--,--,--,--,--,--
N.B./N.-B.,Moncton,Hillsborough (VL),--,--,--,--,--,--,--,--,--,--,--,--
N.B./N.-B.,Moncton,Coverdale (P),--,--,--,--,--,--,--,--,--,--,--,--
N.B./N.-B.,Moncton,Riverview (TV),"325,486",--,--,--,"220,721",--,--,--,"261,463",--,--,--
N.B./N.-B.,Moncton,Hillsborough (P),--,--,--,--,--,--,--,--,--,--,--,--
N.B./N.-B.,Moncton,Dorchester (VL),--,--,--,--,--,--,--,--,--,--,--,--
N.B./N.-B.,Moncton,Dorchester (P),--,--,--,--,--,--,--,--,--,--,--,--
N.B./N.-B.,Moncton,Memramcook (VL),--,--,--,--,--,--,--,--,--,--,--,--
N.B./N.-B.,Moncton,Moncton (P),"353,202","275,000","350,000","400,000",--,--,--,--,"353,202","275,000","350,000","400,000"
N.B./N.-B.,Moncton,Moncton (C),"323,956","267,500","292,500","335,000","184,700",--,--,--,"310,202","267,500","292,500","335,000"
N.B./N.-B.,Moncton,Salisbury (VL),--,--,--,--,--,--,--,--,--,--,--,--
N.B./N.-B.,Moncton,Dieppe (C),"410,550",--,--,--,--,--,--,--,"410,550",--,--,--
N.B./N.-B.,Moncton,Saint-Paul (P),--,--,--,--,--,--,--,--,--,--,--,--
N.B./N.-B.,Moncton,Total,"342,729","280,000","325,000","385,000","205,554","180,000","210,000","220,000","332,304","270,000","305,000","375,000"
N.B./N.-B.,Saint John,Saint Martins (P),--,--,--,--,--,--,--,--,--,--,--,--
N.B./N.-B.,Saint John,St. Martins (VL),--,--,--,--,--,--,--,--,--,--,--,--
N.B./N.-B.,Saint John,Simonds (P),--,--,--,--,--,--,--,--,--,--,--,--
N.B./N.-B.,Saint John,Saint John (C),"304,975",--,--,--,--,--,--,--,"304,975",--,--,--
N.B./N.-B.,Saint John,Musquash (P),--,--,--,--,--,--,--,--,--,--,--,--
N.B./N.-B.,Saint John,Lepreau (P),--,--,--,--,--,--,--,--,--,--,--,--
N.B./N.-B.,Saint John,Petersville (P),--,--,--,--,--,--,--,--,--,--,--,--
N.B./N.-B.,Saint John,Upham (P),--,--,--,--,--,--,--,--,--,--,--,--
N.B./N.-B.,Saint John,Hampton (TV),--,--,--,--,--,--,--,--,--,--,--,--
N.B./N.-B.,Saint John,Hampton (P),--,--,--,--,--,--,--,--,--,--,--,--
N.B./N.-B.,Saint John,Rothesay (TV),--,--,--,--,--,--,--,--,--,--,--,--
N.B./N.-B.,Saint John,Westfield (P),--,--,--,--,--,--,--,--,--,--,--,--
N.B./N.-B.,Saint John,Kingston (P),--,--,--,--,--,--,--,--,--,--,--,--
N.B./N.-B.,Saint John,Grand Bay-Westfield (TV),--,--,--,--,--,--,--,--,--,--,--,--
N.B./N.-B.,Saint John,Norton (P),--,--,--,--,--,--,--,--,--,--,--,--
N.B./N.-B.,Saint John,Greenwich (P),--,--,--,--,--,--,--,--,--,--,--,--
N.B./N.-B.,Saint John,Rothesay (P),--,--,--,--,--,--,--,--,--,--,--,--
N.B./N.-B.,Saint John,Quispamsis (TV),"333,980",--,--,--,--,--,--,--,"333,980",--,--,--
N.B./N.-B.,Saint John,Total,"370,095","300,000","337,500","425,000",--,--,--,--,"370,095","300,000","337,500","425,000"
N.B./N.-B.,Fredericton,Gladstone (P),--,--,--,--,--,--,--,--,--,--,--,--
N.B./N.-B.,Fredericton,Tracy (VL),--,--,--,--,--,--,--,--,--,--,--,--
N.B./N.-B.,Fredericton,Lincoln (P),--,--,--,--,--,--,--,--,--,--,--,--
N.B./N.-B.,Fredericton,Maugerville (P),--,--,--,--,--,--,--,--,--,--,--,--
N.B./N.-B.,Fredericton,New Maryland (VL),--,--,--,--,--,--,--,--,--,--,--,--
N.B./N.-B.,Fredericton,New Maryland (P),--,--,--,--,--,--,--,--,--,--,--,--
N.B./N.-B.,Fredericton,Manners Sutton (P),--,--,--,--,--,--,--,--,--,--,--,--
N.B./N.-B.,Fredericton,Harvey (VL),--,--,--,--,--,--,--,--,--,--,--,--
N.B./N.-B.,Fredericton,Hanwell (RCR),--,--,--,--,--,--,--,--,--,--,--,--
N.B./N.-B.,Fredericton,Kingsclear (P),--,--,--,--,--,--,--,--,--,--,--,--
N.B./N.-B.,Fredericton,Queensbury (P),--,--,--,--,--,--,--,--,--,--,--,--
N.B./N.-B.,Fredericton,Bright (P),--,--,--,--,--,--,--,--,--,--,--,--
N.B./N.-B.,Fredericton,Douglas (P),--,--,--,--,--,--,--,--,--,--,--,--
N.B./N.-B.,Fredericton,Saint Marys (P),--,--,--,--,--,--,--,--,--,--,--,--
N.B./N.-B.,Fredericton,Fredericton (C),"360,046",--,--,--,--,--,--,--,"360,046",--,--,--
N.B./N.-B.,Fredericton,Total,"303,166","210,000","270,000","340,000",--,--,--,--,"303,166","210,000","270,000","340,000"
N.B./N.-B.,Total,Total,"338,858","260,000","320,000","390,000","198,078","170,000","190,000","220,000","309,781","215,000","285,000","370,000"
Que/Qc,Saguenay,Saguenay (V),--,--,--,--,"213,972",--,--,--,"213,972",--,--,--
Que/Qc,Saguenay,Saint-Félix-d'Otis (MÉ),--,--,--,--,--,--,--,--,--,--,--,--
Que/Qc,Saguenay,Sainte-Rose-du-Nord (PE),--,--,--,--,--,--,--,--,--,--,--,--
Que/Qc,Saguenay,Saint-Fulgence (MÉ),--,--,--,--,--,--,--,--,--,--,--,--
Que/Qc,Saguenay,Saint-Honoré (MÉ),--,--,--,--,--,--,--,--,--,--,--,--
Que/Qc,Saguenay,Saint-David-de-Falardeau (MÉ),--,--,--,--,--,--,--,--,--,--,--,--
Que/Qc,Saguenay,Bégin (MÉ),--,--,--,--,--,--,--,--,--,--,--,--
Que/Qc,Saguenay,Saint-Charles-de-Bourget (MÉ),--,--,--,--,--,--,--,--,--,--,--,--
Que/Qc,Saguenay,Larouche (MÉ),--,--,--,--,--,--,--,--,--,--,--,--
Que/Qc,Saguenay,Total,--,--,--,--,"216,188","175,000","205,000","220,000","216,188","175,000","205,000","220,000"
Que/Qc,Montréal,Lavaltrie (V),--,--,--,--,--,--,--,--,--,--,--,--
Que/Qc,Montréal,Richelieu (V),--,--,--,--,--,--,--,--,--,--,--,--
Que/Qc,Montréal,Saint-Mathias-sur-Richelieu (MÉ),--,--,--,--,--,--,--,--,--,--,--,--
Que/Qc,Montréal,Saint-Jean-sur-Richelieu (V),"393,118","310,000","375,000","415,000","277,493",--,--,--,"381,718","310,000","375,000","415,000"
Que/Qc,Montréal,Chambly (V),"424,264","395,000","445,000","475,000","309,392",--,--,--,"383,550","395,000","445,000","475,000"
Que/Qc,Montréal,Carignan (V),"476,045",--,--,--,"329,294","300,000","315,000","350,000","337,926","300,000","315,000","350,000"
Que/Qc,Montréal,Saint-Basile-le-Grand (V),--,--,--,--,--,--,--,--,--,--,--,--
Que/Qc,Montréal,McMasterville (MÉ),--,--,--,--,--,--,--,--,--,--,--,--
Que/Qc,Montréal,Otterburn Park (V),--,--,--,--,--,--,--,--,--,--,--,--
Que/Qc,Montréal,Mont-Saint-Hilaire (V),--,--,--,--,--,--,--,--,--,--,--,--
Que/Qc,Montréal,Beloeil (V),"494,818",--,--,--,--,--,--,--,"494,818",--,--,--
Que/Qc,Montréal,Saint-Mathieu-de-Beloeil (MÉ),--,--,--,--,--,--,--,--,--,--,--,--
Que/Qc,Montréal,Brossard (V),"707,537",--,--,--,--,--,--,--,"707,537",--,--,--
Que/Qc,Montréal,Saint-Lambert (V),--,--,--,--,--,--,--,--,--,--,--,--
Que/Qc,Montréal,Boucherville (V),"715,141",--,--,--,--,--,--,--,"715,141",--,--,--
Que/Qc,Montréal,Saint-Bruno-de-Montarville (V),--,--,--,--,--,--,--,--,--,--,--,--
Que/Qc,Montréal,Longueuil (V),"489,836","395,000","460,000","555,000","405,340",--,--,--,"466,316","395,000","460,000","555,000"
Que/Qc,Montréal,Sainte-Julie (V),--,--,--,--,--,--,--,--,--,--,--,--
Que/Qc,Montréal,Saint-Amable (MÉ),"303,549",--,--,--,--,--,--,--,"303,549",--,--,--
Que/Qc,Montréal,Varennes (V),--,--,--,--,"323,906",--,--,--,"323,906",--,--,--
Que/Qc,Montréal,Verchères (MÉ),--,--,--,--,--,--,--,--,--,--,--,--
Que/Qc,Montréal,Charlemagne (V),--,--,--,--,--,--,--,--,--,--,--,--
Que/Qc,Montréal,Repentigny (V),--,--,--,--,--,--,--,--,--,--,--,--
Que/Qc,Montréal,Saint-Sulpice (PE),--,--,--,--,--,--,--,--,--,--,--,--
Que/Qc,Montréal,L'Assomption (V),"290,367",--,--,--,--,--,--,--,"290,367",--,--,--
Que/Qc,Montréal,L'Épiphanie (V),--,--,--,--,--,--,--,--,--,--,--,--
Que/Qc,Montréal,L'Épiphanie (PE),--,--,--,--,--,--,--,--,--,--,--,--
Que/Qc,Montréal,Saint-Lin--Laurentides (V),"266,863","220,000","255,000","280,000",--,--,--,--,"266,863","220,000","255,000","280,000"
Que/Qc,Montréal,Terrebonne (V),"448,097","390,000","447,500","477,500","353,679",--,--,--,"440,118","390,000","447,500","477,500"
Que/Qc,Montréal,Mascouche (V),"381,406",--,--,--,"318,457",--,--,--,"369,468",--,--,--
Que/Qc,Montréal,Laval (V),"592,413","415,000","485,000","605,000","400,662",--,--,--,"523,579","415,000","485,000","605,000"
Que/Qc,Montréal,Montréal-Est (V),--,--,--,--,--,--,--,--,--,--,--,--
Que/Qc,Montréal,Montréal (V),"691,159","500,000","570,000","850,000","485,694",--,--,--,"617,192","500,000","570,000","850,000"
Que/Qc,Montréal,Westmount (V),--,--,--,--,--,--,--,--,--,--,--,--
Que/Qc,Montréal,Montréal-Ouest (V),--,--,--,--,--,--,--,--,--,--,--,--
Que/Qc,Montréal,Côte-Saint-Luc (V),--,--,--,--,--,--,--,--,--,--,--,--
Que/Qc,Montréal,Hampstead (V),--,--,--,--,--,--,--,--,--,--,--,--
Que/Qc,Montréal,Mont-Royal (V),--,--,--,--,--,--,--,--,--,--,--,--
Que/Qc,Montréal,Dorval (V),--,--,--,--,--,--,--,--,--,--,--,--
Que/Qc,Montréal,L'Île-Dorval (V),--,--,--,--,--,--,--,--,--,--,--,--
Que/Qc,Montréal,Pointe-Claire (V),--,--,--,--,--,--,--,--,--,--,--,--
Que/Qc,Montréal,Kirkland (V),--,--,--,--,--,--,--,--,--,--,--,--
Que/Qc,Montréal,Beaconsfield (V),--,--,--,--,--,--,--,--,--,--,--,--
Que/Qc,Montréal,Baie-D'Urfé (V),--,--,--,--,--,--,--,--,--,--,--,--
Que/Qc,Montréal,Sainte-Anne-de-Bellevue (V),--,--,--,--,--,--,--,--,--,--,--,--
Que/Qc,Montréal,Senneville (VL),--,--,--,--,--,--,--,--,--,--,--,--
Que/Qc,Montréal,Dollard-Des Ormeaux (V),--,--,--,--,--,--,--,--,--,--,--,--
Que/Qc,Montréal,Saint-Mathieu (MÉ),--,--,--,--,--,--,--,--,--,--,--,--
Que/Qc,Montréal,Saint-Philippe (MÉ),--,--,--,--,"264,440",--,--,--,"264,440",--,--,--
Que/Qc,Montréal,La Prairie (V),"602,465",--,--,--,"443,557",--,--,--,"552,283",--,--,--
Que/Qc,Montréal,Candiac (V),--,--,--,--,--,--,--,--,--,--,--,--
Que/Qc,Montréal,Delson (V),--,--,--,--,--,--,--,--,--,--,--,--
Que/Qc,Montréal,Sainte-Catherine (V),--,--,--,--,--,--,--,--,--,--,--,--
Que/Qc,Montréal,Saint-Constant (V),--,--,--,--,--,--,--,--,--,--,--,--
Que/Qc,Montréal,Saint-Isidore (PE),--,--,--,--,--,--,--,--,--,--,--,--
Que/Qc,Montréal,Mercier (V),"344,568",--,--,--,"273,110",--,--,--,"324,151",--,--,--
Que/Qc,Montréal,Châteauguay (V),"425,665",--,--,--,--,--,--,--,"425,665",--,--,--
Que/Qc,Montréal,Léry (V),--,--,--,--,--,--,--,--,--,--,--,--
Que/Qc,Montréal,Beauharnois (V),"285,334",--,--,--,--,--,--,--,"285,334",--,--,--
Que/Qc,Montréal,Saint-Zotique (MÉ),"287,399",--,--,--,--,--,--,--,"287,399",--,--,--
Que/Qc,Montréal,Les Coteaux (MÉ),--,--,--,--,--,--,--,--,--,--,--,--
Que/Qc,Montréal,Coteau-du-Lac (V),--,--,--,--,--,--,--,--,--,--,--,--
Que/Qc,Montréal,Les Cèdres (MÉ),"335,191",--,--,--,--,--,--,--,"335,191",--,--,--
Que/Qc,Montréal,Pointe-des-Cascades (VL),--,--,--,--,--,--,--,--,--,--,--,--
Que/Qc,Montréal,L'Île-Perrot (V),--,--,--,--,--,--,--,--,--,--,--,--
Que/Qc,Montréal,Notre-Dame-de-l'Île-Perrot (V),"469,490",--,--,--,--,--,--,--,"469,490",--,--,--
Que/Qc,Montréal,Pincourt (V),--,--,--,--,--,--,--,--,--,--,--,--
Que/Qc,Montréal,Terrasse-Vaudreuil (MÉ),--,--,--,--,--,--,--,--,--,--,--,--
Que/Qc,Montréal,Vaudreuil-Dorion (V),"389,811","350,000","425,000","485,000",--,--,--,--,"389,811","350,000","425,000","485,000"
Que/Qc,Montréal,Vaudreuil-sur-le-Lac (VL),--,--,--,--,--,--,--,--,--,--,--,--
Que/Qc,Montréal,L'Île-Cadieux (V),--,--,--,--,--,--,--,--,--,--,--,--
Que/Qc,Montréal,Hudson (V),--,--,--,--,--,--,--,--,--,--,--,--
Que/Qc,Montréal,Saint-Lazare (V),"411,058","350,000","395,000","500,000",--,--,--,--,"411,058","350,000","395,000","500,000"
Que/Qc,Montréal,Saint-Eustache (V),--,--,--,--,"283,351",--,--,--,"283,351",--,--,--
Que/Qc,Montréal,Deux-Montagnes (V),--,--,--,--,--,--,--,--,--,--,--,--
Que/Qc,Montréal,Sainte-Marthe-sur-le-Lac (V),"377,774",--,--,--,"280,528",--,--,--,"364,808",--,--,--
Que/Qc,Montréal,Pointe-Calumet (MÉ),--,--,--,--,--,--,--,--,--,--,--,--
Que/Qc,Montréal,Saint-Joseph-du-Lac (MÉ),--,--,--,--,--,--,--,--,--,--,--,--
Que/Qc,Montréal,Oka (MÉ),--,--,--,--,--,--,--,--,--,--,--,--
Que/Qc,Montréal,Saint-Placide (MÉ),--,--,--,--,--,--,--,--,--,--,--,--
Que/Qc,Montréal,Boisbriand (V),--,--,--,--,--,--,--,--,--,--,--,--
Que/Qc,Montréal,Sainte-Thérèse (V),--,--,--,--,--,--,--,--,--,--,--,--
Que/Qc,Montréal,Blainville (V),"559,851",--,--,--,--,--,--,--,"559,851",--,--,--
Que/Qc,Montréal,Rosemère (V),--,--,--,--,--,--,--,--,--,--,--,--
Que/Qc,Montréal,Lorraine (V),--,--,--,--,--,--,--,--,--,--,--,--
Que/Qc,Montréal,Bois-des-Filion (V),--,--,--,--,--,--,--,--,--,--,--,--
Que/Qc,Montréal,Sainte-Anne-des-Plaines (V),"286,500",--,--,--,--,--,--,--,"286,500",--,--,--
Que/Qc,Montréal,Mirabel (V),"389,273","325,000","385,000","450,000","275,486",--,--,--,"378,547","325,000","385,000","450,000"
Que/Qc,Montréal,Saint-Colomban (V),"318,213",--,--,--,--,--,--,--,"318,213",--,--,--
Que/Qc,Montréal,Saint-Jérôme (V),"314,215",--,--,--,"218,520",--,--,--,"306,965",--,--,--
Que/Qc,Montréal,Gore (CT),--,--,--,--,--,--,--,--,--,--,--,--
Que/Qc,Montréal,Total,"452,964","315,000","400,000","500,000","334,906","275,000","315,000","380,000","415,656","295,000","365,000","470,000"
Que/Qc,Gatineau,Thurso (V),--,--,--,--,--,--,--,--,--,--,--,--
Que/Qc,Gatineau,Lochaber (CT),--,--,--,--,--,--,--,--,--,--,--,--
Que/Qc,Gatineau,Lochaber-Partie-Ouest (CT),--,--,--,--,--,--,--,--,--,--,--,--
Que/Qc,Gatineau,Mayo (MÉ),--,--,--,--,--,--,--,--,--,--,--,--
Que/Qc,Gatineau,Val-des-Bois (MÉ),--,--,--,--,--,--,--,--,--,--,--,--
Que/Qc,Gatineau,Bowman (MÉ),--,--,--,--,--,--,--,--,--,--,--,--
Que/Qc,Gatineau,Gatineau (V),"430,583","367,500","430,000","515,000","293,834","255,000","295,000","330,000","352,915","265,000","320,000","375,000"
Que/Qc,Gatineau,L'Ange-Gardien (MÉ),"317,989",--,--,--,--,--,--,--,"317,989",--,--,--
Que/Qc,Gatineau,Notre-Dame-de-la-Salette (MÉ),--,--,--,--,--,--,--,--,--,--,--,--
Que/Qc,Gatineau,Val-des-Monts (MÉ),"341,173",--,--,--,--,--,--,--,"341,173",--,--,--
Que/Qc,Gatineau,Cantley (MÉ),"412,217",--,--,--,--,--,--,--,"412,217",--,--,--
Que/Qc,Gatineau,Chelsea (MÉ),"596,260",--,--,--,--,--,--,--,"596,260",--,--,--
Que/Qc,Gatineau,Pontiac (MÉ),--,--,--,--,--,--,--,--,--,--,--,--
Que/Qc,Gatineau,La Pêche (MÉ),--,--,--,--,--,--,--,--,--,--,--,--
Que/Qc,Gatineau,Denholm (MÉ),--,--,--,--,--,--,--,--,--,--,--,--
Que/Qc,Gatineau,Total,"421,939","350,000","405,000","490,000","291,026","250,000","290,000","330,000","351,421","265,000","325,000","395,000"
Que/Qc,Québec,Saint-Henri (MÉ),--,--,--,--,--,--,--,--,--,--,--,--
Que/Qc,Québec,Beaumont (MÉ),--,--,--,--,--,--,--,--,--,--,--,--
Que/Qc,Québec,Saint-François-de-l'Île-d'Orléans (MÉ),--,--,--,--,--,--,--,--,--,--,--,--
Que/Qc,Québec,Sainte-Famille (PE),--,--,--,--,--,--,--,--,--,--,--,--
Que/Qc,Québec,Saint-Jean-de-l'Île-d'Orléans (MÉ),--,--,--,--,--,--,--,--,--,--,--,--
Que/Qc,Québec,Saint-Laurent-de-l'Île-d'Orléans (MÉ),--,--,--,--,--,--,--,--,--,--,--,--
Que/Qc,Québec,Saint-Pierre-de-l'Île-d'Orléans (MÉ),--,--,--,--,--,--,--,--,--,--,--,--
Que/Qc,Québec,Sainte-Pétronille (VL),--,--,--,--,--,--,--,--,--,--,--,--
Que/Qc,Québec,Château-Richer (V),--,--,--,--,--,--,--,--,--,--,--,--
Que/Qc,Québec,L'Ange-Gardien (MÉ),--,--,--,--,--,--,--,--,--,--,--,--
Que/Qc,Québec,Boischatel (MÉ),"378,089",--,--,--,--,--,--,--,"378,089",--,--,--
Que/Qc,Québec,Sainte-Catherine-de-la-Jacques-Cartier (V),--,--,--,--,--,--,--,--,--,--,--,--
Que/Qc,Québec,Fossambault-sur-le-Lac (V),--,--,--,--,--,--,--,--,--,--,--,--
Que/Qc,Québec,Lac-Saint-Joseph (V),--,--,--,--,--,--,--,--,--,--,--,--
Que/Qc,Québec,Shannon (MÉ),--,--,--,--,--,--,--,--,--,--,--,--
Que/Qc,Québec,Saint-Gabriel-de-Valcartier (MÉ),--,--,--,--,--,--,--,--,--,--,--,--
Que/Qc,Québec,Lac-Delage (V),--,--,--,--,--,--,--,--,--,--,--,--
Que/Qc,Québec,Stoneham-et-Tewkesbury (CU),--,--,--,--,--,--,--,--,--,--,--,--
Que/Qc,Québec,Lac-Beauport (MÉ),--,--,--,--,--,--,--,--,--,--,--,--
Que/Qc,Québec,Sainte-Brigitte-de-Laval (V),--,--,--,--,--,--,--,--,--,--,--,--
Que/Qc,Québec,Notre-Dame-des-Anges (PE),--,--,--,--,--,--,--,--,--,--,--,--
Que/Qc,Québec,Québec (V),"373,127","285,000","320,000","375,000","268,620","230,000","250,000","290,000","291,881","235,000","260,000","315,000"
Que/Qc,Québec,L'Ancienne-Lorette (V),--,--,--,--,--,--,--,--,--,--,--,--
Que/Qc,Québec,Saint-Augustin-de-Desmaures (V),--,--,--,--,"233,453",--,--,--,"233,453",--,--,--
Que/Qc,Québec,Lévis (V),"417,568","370,000","430,000","470,000","265,671","255,000","282,500","300,000","324,514","285,000","345,000","455,000"
Que/Qc,Québec,Saint-Lambert-de-Lauzon (MÉ),--,--,--,--,--,--,--,--,--,--,--,--
Que/Qc,Québec,Saint-Antoine-de-Tilly (MÉ),--,--,--,--,--,--,--,--,--,--,--,--
Que/Qc,Québec,Neuville (V),--,--,--,--,--,--,--,--,--,--,--,--
Que/Qc,Québec,Total,"376,110","310,000","355,000","415,000","263,360","230,000","250,000","280,000","300,162","237,500","275,000","330,000"
Que/Qc,Sherbrooke,Ascot Corner (MÉ),--,--,--,--,--,--,--,--,--,--,--,--
Que/Qc,Sherbrooke,Stoke (MÉ),--,--,--,--,--,--,--,--,--,--,--,--
Que/Qc,Sherbrooke,Saint-Denis-de-Brompton (MÉ),--,--,--,--,--,--,--,--,--,--,--,--
Que/Qc,Sherbrooke,Val-Joli (MÉ),--,--,--,--,--,--,--,--,--,--,--,--
Que/Qc,Sherbrooke,Sherbrooke (V),"372,697",--,--,--,"207,154","190,000","200,000","210,000","225,345","190,000","200,000","210,000"
Que/Qc,Sherbrooke,Compton (MÉ),--,--,--,--,--,--,--,--,--,--,--,--
Que/Qc,Sherbrooke,Waterville (V),--,--,--,--,--,--,--,--,--,--,--,--
Que/Qc,Sherbrooke,North Hatley (VL),--,--,--,--,--,--,--,--,--,--,--,--
Que/Qc,Sherbrooke,Hatley (CT),--,--,--,--,--,--,--,--,--,--,--,--
Que/Qc,Sherbrooke,Magog (V),"291,333",--,--,--,--,--,--,--,"291,333",--,--,--
Que/Qc,Sherbrooke,Orford (CT),--,--,--,--,--,--,--,--,--,--,--,--
Que/Qc,Sherbrooke,Total,"341,964",--,--,--,"209,320","190,000","200,000","220,000","233,115","190,000","200,000","220,000"
Que/Qc,Trois-Rivières,Trois-Rivières (V),"357,420",--,--,--,"206,734",--,--,--,"280,145",--,--,--
Que/Qc,Trois-Rivières,Champlain (MÉ),--,--,--,--,--,--,--,--,--,--,--,--
Que/Qc,Trois-Rivières,Saint-Luc-de-Vincennes (MÉ),--,--,--,--,--,--,--,--,--,--,--,--
Que/Qc,Trois-Rivières,Saint-Maurice (PE),--,--,--,--,--,--,--,--,--,--,--,--
Que/Qc,Trois-Rivières,Bécancour (V),--,--,--,--,--,--,--,--,--,--,--,--
Que/Qc,Trois-Rivières,Yamachiche (MÉ),--,--,--,--,--,--,--,--,--,--,--,--
Que/Qc,Trois-Rivières,Total,"332,461","255,000","315,000","340,000","208,285",--,--,--,"258,433","255,000","315,000","340,000"
Que/Qc,Drummondville,Lefebvre (MÉ),--,--,--,--,--,--,--,--,--,--,--,--
Que/Qc,Drummondville,L'Avenir (MÉ),--,--,--,--,--,--,--,--,--,--,--,--
Que/Qc,Drummondville,Saint-Lucien (MÉ),--,--,--,--,--,--,--,--,--,--,--,--
Que/Qc,Drummondville,Wickham (MÉ),--,--,--,--,--,--,--,--,--,--,--,--
Que/Qc,Drummondville,Saint-Germain-de-Grantham (MÉ),--,--,--,--,--,--,--,--,--,--,--,--
Que/Qc,Drummondville,Drummondville (V),"228,856","185,000","220,000","250,000","193,440",--,--,--,"218,690","185,000","220,000","250,000"
Que/Qc,Drummondville,Saint-Cyrille-de-Wendover (MÉ),--,--,--,--,--,--,--,--,--,--,--,--
Que/Qc,Drummondville,Notre-Dame-du-Bon-Conseil (VL),"182,379",--,--,--,--,--,--,--,"182,379",--,--,--
Que/Qc,Drummondville,Notre-Dame-du-Bon-Conseil (PE),--,--,--,--,--,--,--,--,--,--,--,--
Que/Qc,Drummondville,Saint-Majorique-de-Grantham (PE),--,--,--,--,--,--,--,--,--,--,--,--
Que/Qc,Drummondville,Saint-Edmond-de-Grantham (PE),--,--,--,--,--,--,--,--,--,--,--,--
Que/Qc,Drummondville,Total,"226,279","190,000","215,000","250,000","193,574",--,--,--,"217,240","190,000","215,000","250,000"
Que/Qc,Granby,Bromont (V),--,--,--,--,"354,426",--,--,--,"354,426",--,--,--
Que/Qc,Granby,Saint-Alphonse-de-Granby (MÉ),"271,185",--,--,--,"228,402",--,--,--,"252,171",--,--,--
Que/Qc,Granby,Granby (V),--,--,--,--,"241,093",--,--,--,"241,093",--,--,--
Que/Qc,Granby,Roxton Pond (MÉ),--,--,--,--,--,--,--,--,--,--,--,--
Que/Qc,Granby,Saint-Paul-d'Abbotsford (MÉ),--,--,--,--,--,--,--,--,--,--,--,--
Que/Qc,Granby,Total,"334,912",--,--,--,"257,348","225,000","245,000","280,000","268,671","225,000","245,000","280,000"
Que/Qc,Rimouski,Saint-Narcisse-de-Rimouski (PE),--,--,--,--,--,--,--,--,--,--,--,--
Que/Qc,Rimouski,Saint-Anaclet-de-Lessard (PE),--,--,--,--,--,--,--,--,--,--,--,--
Que/Qc,Rimouski,Rimouski (V),--,--,--,--,"229,257",--,--,--,"229,257",--,--,--
Que/Qc,Rimouski,Saint-Valérien (PE),--,--,--,--,--,--,--,--,--,--,--,--
Que/Qc,Rimouski,Saint-Fabien (PE),--,--,--,--,--,--,--,--,--,--,--,--
Que/Qc,Rimouski,Total,--,--,--,--,"224,888","205,000","217,500","235,000","224,888","205,000","217,500","235,000"
Que/Qc,Saint-Hyacinthe,Saint-Hyacinthe (V),--,--,--,--,"256,927",--,--,--,"256,927",--,--,--
Que/Qc,Saint-Hyacinthe,Saint-Dominique (MÉ),--,--,--,--,--,--,--,--,--,--,--,--
Que/Qc,Saint-Hyacinthe,Saint-Simon (MÉ),--,--,--,--,--,--,--,--,--,--,--,--
Que/Qc,Saint-Hyacinthe,Total,--,--,--,--,"244,644",--,--,--,"244,644",--,--,--
Que/Qc,Shawinigan,Shawinigan (V),"214,186",--,--,--,--,--,--,--,"214,186",--,--,--
Que/Qc,Shawinigan,Saint-Boniface (MÉ),--,--,--,--,--,--,--,--,--,--,--,--
Que/Qc,Shawinigan,Total,"215,464",--,--,--,--,--,--,--,"215,464",--,--,--
Que/Qc,Total,Total,"418,973","300,000","375,000","475,000","278,518","220,000","260,000","315,000","354,176","250,000","310,000","410,000"
Ont./Ont.,Barrie,Springwater (TP),"602,310","490,000","560,000","655,000",--,--,--,--,"602,310","490,000","560,000","655,000"
Ont./Ont.,Barrie,Innisfil (T),"658,436","540,000","650,000","760,000","558,516",--,--,--,"654,011","540,000","650,000","760,000"
Ont./Ont.,Barrie,Barrie (CY),"500,184","447,500","530,000","562,500",--,--,--,--,"500,184","447,500","530,000","562,500"
Ont./Ont.,Barrie,Total,"632,509","515,000","635,000","725,000","558,516",--,--,--,"630,818","515,000","635,000","725,000"
Ont./Ont.,Belleville,Tyendinaga (TP),--,--,--,--,--,--,--,--,--,--,--,--
Ont./Ont.,Belleville,Belleville (CY),"316,142","290,000","320,000","340,000",--,--,--,--,"316,142","290,000","320,000","340,000"
Ont./Ont.,Belleville,Quinte West (CY),"334,220","295,000","330,000","355,000",--,--,--,--,"334,220","295,000","330,000","355,000"
Ont./Ont.,Belleville,Stirling-Rawdon (TP),--,--,--,--,--,--,--,--,--,--,--,--
Ont./Ont.,Belleville,Total,"321,416","285,000","310,000","340,000","284,300",--,--,--,"320,277","285,000","310,000","340,000"
Ont./Ont.,Brantford,Brant (CY),"505,252",--,--,--,--,--,--,--,"505,252",--,--,--
Ont./Ont.,Brantford,Brantford (CY),"527,610",--,--,--,--,--,--,--,"527,610",--,--,--
Ont./Ont.,Brantford,Total,"506,016","390,000","515,000","600,000",--,--,--,--,"506,016","390,000","515,000","600,000"
Ont./Ont.,Guelph,Puslinch (TP),"993,148",--,--,--,--,--,--,--,"993,148",--,--,--
Ont./Ont.,Guelph,Guelph (CY),"658,724","545,000","600,000","710,000","489,837",--,--,--,"607,504","545,000","600,000","710,000"
Ont./Ont.,Guelph,Guelph/Eramosa (TP),"774,388",--,--,--,--,--,--,--,"774,388",--,--,--
Ont./Ont.,Guelph,Total,"718,898","575,000","650,000","775,000","489,837",--,--,--,"684,861","575,000","650,000","775,000"
Ont./Ont.,Hamilton,Burlington (CY),"1,984,824",--,--,--,--,--,--,--,"1,984,824",--,--,--
Ont./Ont.,Hamilton,Hamilton (C),"473,720","380,000","450,000","500,000","363,349","350,000","380,000","380,000","457,194","380,000","395,000","490,000"
Ont./Ont.,Hamilton,Grimsby (T),--,--,--,--,--,--,--,--,--,--,--,--
Ont./Ont.,Hamilton,Total,"622,853","390,000","480,000","550,000","366,541","350,000","380,000","380,000","591,256","380,000","460,000","550,000"
Ont./Ont.,Kingston,Frontenac Islands (TP),--,--,--,--,--,--,--,--,--,--,--,--
Ont./Ont.,Kingston,Kingston (CY),"437,648",--,--,--,--,--,--,--,"437,648",--,--,--
Ont./Ont.,Kingston,South Frontenac (TP),--,--,--,--,--,--,--,--,--,--,--,--
Ont./Ont.,Kingston,Loyalist (TP),--,--,--,--,--,--,--,--,--,--,--,--
Ont./Ont.,Kingston,Total,"416,028","365,000","420,000","455,000",--,--,--,--,"416,028","365,000","420,000","455,000"
Ont./Ont.,Kitchener - Cambridge - Waterl,North Dumfries (TP),"545,181",--,--,--,--,--,--,--,"545,181",--,--,--
Ont./Ont.,Kitchener - Cambridge - Waterl,Cambridge (CY),"564,512","535,000","570,000","590,000",--,--,--,--,"564,512","535,000","570,000","590,000"
Ont./Ont.,Kitchener - Cambridge - Waterl,Kitchener (CY),"503,552","400,000","475,000","555,000","406,983",--,--,--,"501,788","400,000","475,000","555,000"
Ont./Ont.,Kitchener - Cambridge - Waterl,Waterloo (CY),"606,353","450,000","550,000","650,000",--,--,--,--,"606,353","450,000","550,000","650,000"
Ont./Ont.,Kitchener - Cambridge - Waterl,Wilmot (TP),"586,311","550,000","565,000","600,000",--,--,--,--,"586,311","550,000","565,000","600,000"
Ont./Ont.,Kitchener - Cambridge - Waterl,Woolwich (TP),"527,966","565,000","595,000","680,000",--,--,--,--,"527,966","565,000","595,000","680,000"
Ont./Ont.,Kitchener - Cambridge - Waterl,Total,"543,102","450,000","535,000","600,000","394,898",--,--,--,"538,782","450,000","535,000","600,000"
Ont./Ont.,London,Central Elgin (MU),"373,851","310,000","400,000","460,000",--,--,--,--,"373,851","310,000","400,000","460,000"
Ont./Ont.,London,St. Thomas (CY),"336,125","275,000","327,500","400,000",--,--,--,--,"336,125","275,000","327,500","400,000"
Ont./Ont.,London,Southwold (TP),--,--,--,--,--,--,--,--,--,--,--,--
Ont./Ont.,London,Strathroy-Caradoc (MU),"381,352","330,000","385,000","435,000",--,--,--,--,"381,352","330,000","385,000","435,000"
Ont./Ont.,London,Thames Centre (MU),"465,599",--,--,--,--,--,--,--,"465,599",--,--,--
Ont./Ont.,London,Middlesex Centre (MU),"416,130","200,000","200,000","485,000",--,--,--,--,"416,130","200,000","200,000","485,000"
Ont./Ont.,London,London (CY),"536,395","430,000","500,000","590,000",--,--,--,--,"536,395","430,000","500,000","590,000"
Ont./Ont.,London,Adelaide-Metcalfe (TP),--,--,--,--,--,--,--,--,--,--,--,--
Ont./Ont.,London,Total,"485,801","375,000","455,000","550,000",--,--,--,--,"485,801","375,000","455,000","550,000"
Ont./Ont.,St. Catharines - Niagara,Fort Erie (T),"539,900","430,000","470,000","590,000",--,--,--,--,"539,900","430,000","470,000","590,000"
Ont./Ont.,St. Catharines - Niagara,Port Colborne (CY),"433,622",--,--,--,--,--,--,--,"433,622",--,--,--
Ont./Ont.,St. Catharines - Niagara,Wainfleet (TP),--,--,--,--,--,--,--,--,--,--,--,--
Ont./Ont.,St. Catharines - Niagara,Pelham (T),"605,130","530,000","600,000","710,000",--,--,--,--,"605,130","530,000","600,000","710,000"
Ont./Ont.,St. Catharines - Niagara,Welland (CY),"464,176","335,000","395,000","505,000",--,--,--,--,"464,176","335,000","395,000","505,000"
Ont./Ont.,St. Catharines - Niagara,Thorold (CY),"497,224","440,000","490,000","600,000",--,--,--,--,"497,224","440,000","490,000","600,000"
Ont./Ont.,St. Catharines - Niagara,Niagara Falls (CY),"518,172","375,000","460,000","630,000",--,--,--,--,"518,172","375,000","460,000","630,000"
Ont./Ont.,St. Catharines - Niagara,Niagara-on-the-Lake (T),"770,808","450,000","680,000","900,000",--,--,--,--,"770,808","450,000","680,000","900,000"
Ont./Ont.,St. Catharines - Niagara,St. Catharines (CY),"559,378","440,000","480,000","500,000",--,--,--,--,"559,378","440,000","480,000","500,000"
Ont./Ont.,St. Catharines - Niagara,Lincoln (T),"337,736",--,--,--,--,--,--,--,"337,736",--,--,--
Ont./Ont.,St. Catharines - Niagara,Total,"546,770","390,000","480,000","650,000","418,952",--,--,--,"539,021","390,000","480,000","650,000"
Ont./Ont.,Oshawa,Whitby (T),"793,000","645,000","707,500","930,000",--,--,--,--,"793,000","645,000","707,500","930,000"
Ont./Ont.,Oshawa,Oshawa (CY),"585,041","500,000","550,000","650,000",--,--,--,--,"585,041","500,000","550,000","650,000"
Ont./Ont.,Oshawa,Clarington (MU),"536,039","445,000","497,500","580,000",--,--,--,--,"536,039","445,000","497,500","580,000"
Ont./Ont.,Oshawa,Total,"599,433","490,000","570,000","680,000","488,625",--,--,--,"598,517","490,000","570,000","680,000"
Ont./Ont.,Ottawa,Clarence-Rockland (C),"358,078","325,000","365,000","390,000",--,--,--,--,"358,078","325,000","365,000","390,000"
Ont./Ont.,Ottawa,Russell (TP),"403,635","380,000","410,000","420,000","300,638",--,--,--,"387,306","380,000","410,000","420,000"
Ont./Ont.,Ottawa,Ottawa (CV),"539,207","440,000","520,000","615,000","575,982","412,500","490,000","815,000","540,255","440,000","520,000","615,000"
Ont./Ont.,Ottawa,North Grenville (MU),"424,078",--,--,--,--,--,--,--,"424,078",--,--,--
Ont./Ont.,Ottawa,Total,"521,934","420,000","500,000","600,000","475,872","370,000","410,000","550,000","516,542","410,000","490,000","600,000"
Ont./Ont.,Peterborough,Otonabee-South Monaghan (TP),--,--,--,--,--,--,--,--,--,--,--,--
Ont./Ont.,Peterborough,Cavan Monaghan (TP),--,--,--,--,--,--,--,--,--,--,--,--
Ont./Ont.,Peterborough,Peterborough (CY),"430,649",--,--,--,--,--,--,--,"430,649",--,--,--
Ont./Ont.,Peterborough,Selwyn (TP),"468,274",--,--,--,--,--,--,--,"468,274",--,--,--
Ont./Ont.,Peterborough,Douro-Dummer (TP),--,--,--,--,--,--,--,--,--,--,--,--
Ont./Ont.,Peterborough,Total,"413,394","325,000","410,000","495,000",--,--,--,--,"413,394","325,000","410,000","495,000"
Ont./Ont.,Greater Sudbury / Grand Sudbur,Markstay-Warren (MU),--,--,--,--,--,--,--,--,--,--,--,--
Ont./Ont.,Greater Sudbury / Grand Sudbur,Greater Sudbury / Grand Sudbury (CV),"524,800","400,000","505,000","580,000",--,--,--,--,"524,800","400,000","505,000","580,000"
Ont./Ont.,Greater Sudbury / Grand Sudbur,Total,"524,800","400,000","505,000","580,000",--,--,--,--,"524,800","400,000","505,000","580,000"
Ont./Ont.,Thunder Bay,Neebing (MU),--,--,--,--,--,--,--,--,--,--,--,--
Ont./Ont.,Thunder Bay,Thunder Bay (CY),"453,471",--,--,--,--,--,--,--,"453,471",--,--,--
Ont./Ont.,Thunder Bay,Oliver Paipoonge (MU),--,--,--,--,--,--,--,--,--,--,--,--
Ont./Ont.,Thunder Bay,Gillies (TP),--,--,--,--,--,--,--,--,--,--,--,--
Ont./Ont.,Thunder Bay,O'Connor (TP),--,--,--,--,--,--,--,--,--,--,--,--
Ont./Ont.,Thunder Bay,Conmee (TP),--,--,--,--,--,--,--,--,--,--,--,--
Ont./Ont.,Thunder Bay,Shuniah (MU),--,--,--,--,--,--,--,--,--,--,--,--
Ont./Ont.,Thunder Bay,Total,"453,471",--,--,--,--,--,--,--,"453,471",--,--,--
Ont./Ont.,Toronto,Pickering (CY),"851,520","800,000","825,000","917,500",--,--,--,--,"851,520","800,000","825,000","917,500"
Ont./Ont.,Toronto,Ajax (T),"672,956","615,000","660,000","670,000","590,178",--,--,--,"666,619","615,000","660,000","670,000"
Ont./Ont.,Toronto,Uxbridge (TP),"422,906","307,500","320,000","460,000",--,--,--,--,"422,906","307,500","320,000","460,000"
Ont./Ont.,Toronto,Vaughan (CY),"1,480,417","990,000","1,305,000","1,825,000","654,281",--,--,--,"1,470,954","990,000","1,305,000","1,825,000"
Ont./Ont.,Toronto,Markham (CY),"1,597,405","1,050,000","1,200,000","1,637,500","986,500",--,--,--,"1,571,683","1,050,000","1,200,000","1,637,500"
Ont./Ont.,Toronto,Richmond Hill (T),"1,745,725","1,290,000","1,495,000","1,910,000","1,043,621",--,--,--,"1,722,025","1,290,000","1,495,000","1,910,000"
Ont./Ont.,Toronto,Whitchurch-Stouffville (T),"823,727","715,000","740,000","775,000",--,--,--,--,"823,727","715,000","740,000","775,000"
Ont./Ont.,Toronto,Aurora (T),"1,300,240","1,030,000","1,295,000","1,480,000","679,946","585,000","640,000","730,000","1,265,836","975,000","1,275,000","1,475,000"
Ont./Ont.,Toronto,Newmarket (T),"867,715","755,000","840,000","1,045,000",--,--,--,--,"867,715","755,000","840,000","1,045,000"
Ont./Ont.,Toronto,King (TP),"1,458,152","1,105,000","1,325,000","1,562,500",--,--,--,--,"1,458,152","1,105,000","1,325,000","1,562,500"
Ont./Ont.,Toronto,East Gwillimbury (T),"654,222","540,000","670,000","775,000","381,365",--,--,--,"645,012","540,000","670,000","775,000"
Ont./Ont.,Toronto,Georgina (T),"599,550","535,000","575,000","620,000",--,--,--,--,"599,550","535,000","575,000","620,000"
Ont./Ont.,Toronto,Toronto (C),"1,846,322","1,200,000","1,892,500","2,300,000","851,357","600,000","750,000","990,000","1,784,351","1,150,000","1,850,000","2,250,000"
Ont./Ont.,Toronto,Mississauga (CY),"1,648,913","1,350,000","1,450,000","1,900,000","909,629",--,--,--,"1,524,961","1,350,000","1,450,000","1,900,000"
Ont./Ont.,Toronto,Brampton (CY),"691,740","575,000","655,000","775,000","435,303","410,000","425,000","450,000","654,982","535,000","640,000","755,000"
Ont./Ont.,Toronto,Caledon (T),"758,016","650,000","725,000","780,000","577,789",--,--,--,"750,592","650,000","725,000","780,000"
Ont./Ont.,Toronto,Mono (T),"776,454","660,000","795,000","850,000",--,--,--,--,"776,454","660,000","795,000","850,000"
Ont./Ont.,Toronto,Orangeville (T),"559,535","490,000","575,000","605,000",--,--,--,--,"559,535","490,000","575,000","605,000"
Ont./Ont.,Toronto,Oakville (T),"1,750,453","905,000","1,200,000","2,495,000","656,142",--,--,--,"1,672,581","905,000","1,200,000","2,495,000"
Ont./Ont.,Toronto,Milton (T),"830,681","790,000","820,000","880,000","784,491","800,000","820,000","830,000","828,771","790,000","820,000","870,000"
Ont./Ont.,Toronto,Halton Hills (T),"1,088,569","775,000","1,175,000","1,375,000",--,--,--,--,"1,088,569","775,000","1,175,000","1,375,000"
Ont./Ont.,Toronto,New Tecumseth (T),"523,257","490,000","520,000","570,000","416,991",--,--,--,"521,998","490,000","520,000","570,000"
Ont./Ont.,Toronto,Bradford West Gwillimbury (T),"576,534","535,000","570,000","610,000","497,590","470,000","512,500","520,000","573,604","530,000","570,000","610,000"
Ont./Ont.,Toronto,Total,"1,020,375","610,000","790,000","1,200,000","579,165","420,000","460,000","635,000","981,353","590,000","760,000","1,120,000"
Ont./Ont.,Windsor,Amherstburg (T),"404,342",--,--,--,--,--,--,--,"404,342",--,--,--
Ont./Ont.,Windsor,LaSalle (T),"538,780","405,000","490,000","600,000","398,026",--,--,--,"518,253","405,000","490,000","600,000"
Ont./Ont.,Windsor,Windsor (CY),"426,843","345,000","420,000","465,000",--,--,--,--,"426,843","345,000","420,000","465,000"
Ont./Ont.,Windsor,Tecumseh (T),"562,296",--,--,--,--,--,--,--,"562,296",--,--,--
Ont./Ont.,Windsor,Lakeshore (T),"458,259","390,000","440,000","500,000",--,--,--,--,"458,259","390,000","440,000","500,000"
Ont./Ont.,Windsor,Total,"464,981","370,000","437,500","510,000","310,434","230,000","270,000","350,000","439,033","350,000","430,000","500,000"
Ont./Ont.,Chatham-Kent,Chatham-Kent (MU),"300,503",--,--,--,--,--,--,--,"300,503",--,--,--
Ont./Ont.,Chatham-Kent,Total,"300,503",--,--,--,--,--,--,--,"300,503",--,--,--
Ont./Ont.,Cornwall,South Stormont (TP),--,--,--,--,--,--,--,--,--,--,--,--
Ont./Ont.,Cornwall,Cornwall (CY),"296,881",--,--,--,"221,293",--,--,--,"236,410",--,--,--
Ont./Ont.,Cornwall,Total,"323,004",--,--,--,"221,293",--,--,--,"251,208",--,--,--
Ont./Ont.,Kawartha Lakes,Kawartha Lakes (CY),"364,577","270,000","340,000","420,000",--,--,--,--,"364,577","270,000","340,000","420,000"
Ont./Ont.,Kawartha Lakes,Total,"364,577","270,000","340,000","420,000",--,--,--,--,"364,577","270,000","340,000","420,000"
Ont./Ont.,Norfolk,Norfolk County (CY),"354,567","280,000","340,000","420,000","277,954",--,--,--,"352,156","280,000","340,000","420,000"
Ont./Ont.,Norfolk,Total,"354,567","280,000","340,000","420,000","277,954",--,--,--,"352,156","280,000","340,000","420,000"
Ont./Ont.,North Bay,Bonfield (TP),--,--,--,--,--,--,--,--,--,--,--,--
Ont./Ont.,North Bay,Chisholm (TP),--,--,--,--,--,--,--,--,--,--,--,--
Ont./Ont.,North Bay,East Ferris (MU),--,--,--,--,--,--,--,--,--,--,--,--
Ont./Ont.,North Bay,North Bay (CY),--,--,--,--,--,--,--,--,--,--,--,--
Ont./Ont.,North Bay,"Nipissing, Unorganized, North Part (NO)",--,--,--,--,--,--,--,--,--,--,--,--
Ont./Ont.,North Bay,Powassan (MU),--,--,--,--,--,--,--,--,--,--,--,--
Ont./Ont.,North Bay,Callander (MU),--,--,--,--,--,--,--,--,--,--,--,--
Ont./Ont.,North Bay,Nipissing (TP),--,--,--,--,--,--,--,--,--,--,--,--
Ont./Ont.,North Bay,Total,--,--,--,--,--,--,--,--,--,--,--,--
Ont./Ont.,Sarnia,St. Clair (TP),"343,650",--,--,--,--,--,--,--,"343,650",--,--,--
Ont./Ont.,Sarnia,Sarnia (CY),"443,292","340,000","447,500","545,000",--,--,--,--,"443,292","340,000","447,500","545,000"
Ont./Ont.,Sarnia,Point Edward (VL),--,--,--,--,--,--,--,--,--,--,--,--
Ont./Ont.,Sarnia,Plympton-Wyoming (T),--,--,--,--,--,--,--,--,--,--,--,--
Ont./Ont.,Sarnia,Total,"440,368","350,000","430,000","535,000",--,--,--,--,"440,368","350,000","430,000","535,000"
Ont./Ont.,Sault Ste. Marie,Laird (TP),--,--,--,--,--,--,--,--,--,--,--,--
Ont./Ont.,Sault Ste. Marie,"Macdonald, Meredith and Aberdeen Additional (TP)",--,--,--,--,--,--,--,--,--,--,--,--
Ont./Ont.,Sault Ste. Marie,Sault Ste. Marie (CY),--,--,--,--,--,--,--,--,--,--,--,--
Ont./Ont.,Sault Ste. Marie,Prince (TP),--,--,--,--,--,--,--,--,--,--,--,--
Ont./Ont.,Sault Ste. Marie,Total,--,--,--,--,--,--,--,--,--,--,--,--
Ont./Ont.,Total,Total,"786,091","480,000","610,000","855,000","487,823","375,000","425,000","520,000","760,020","450,000","595,000","830,000"
Man./Man.,Winnipeg,Taché (RM),"350,380",--,--,--,--,--,--,--,"350,380",--,--,--
Man./Man.,Winnipeg,Ritchot (RM),"401,805",--,--,--,--,--,--,--,"401,805",--,--,--
Man./Man.,Winnipeg,Macdonald (RM),"448,666","320,000","450,000","550,000",--,--,--,--,"448,666","320,000","450,000","550,000"
Man./Man.,Winnipeg,St. François Xavier (RM),--,--,--,--,--,--,--,--,--,--,--,--
Man./Man.,Winnipeg,Winnipeg (CY),"433,637","370,000","425,000","495,000",--,--,--,--,"433,637","370,000","425,000","495,000"
Man./Man.,Winnipeg,Headingley (RM),--,--,--,--,--,--,--,--,--,--,--,--
Man./Man.,Winnipeg,Springfield (RM),"413,006",--,--,--,--,--,--,--,"413,006",--,--,--
Man./Man.,Winnipeg,East St. Paul (RM),"562,475",--,--,--,--,--,--,--,"562,475",--,--,--
Man./Man.,Winnipeg,West St. Paul (RM),--,--,--,--,--,--,--,--,--,--,--,--
Man./Man.,Winnipeg,St. Clements (RM),--,--,--,--,--,--,--,--,--,--,--,--
Man./Man.,Winnipeg,First Nations (Winnipeg) (R),--,--,--,--,--,--,--,--,--,--,--,--
Man./Man.,Winnipeg,Rosser (RM),--,--,--,--,--,--,--,--,--,--,--,--
Man./Man.,Winnipeg,Total,"436,671","360,000","425,000","500,000","324,748","295,000","315,000","335,000","426,560","330,000","400,000","485,000"
Man./Man.,Brandon,Oakland-Wawanesa (MU),--,--,--,--,--,--,--,--,--,--,--,--
Man./Man.,Brandon,Whitehead (RM),--,--,--,--,--,--,--,--,--,--,--,--
Man./Man.,Brandon,Cornwallis (RM),--,--,--,--,--,--,--,--,--,--,--,--
Man./Man.,Brandon,Brandon (CY),--,--,--,--,--,--,--,--,--,--,--,--
Man./Man.,Brandon,Elton (RM),--,--,--,--,--,--,--,--,--,--,--,--
Man./Man.,Brandon,Total,"406,856","345,000","370,000","425,000",--,--,--,--,"406,856","345,000","370,000","425,000"
Man./Man.,Total,Total,"437,896","355,000","400,000","460,000","322,719","300,000","315,000","335,000","424,805","340,000","400,000","450,000"
Sask./Sask.,Regina,Lajord No. 128 (RM),--,--,--,--,--,--,--,--,--,--,--,--
Sask./Sask.,Regina,Pense No. 160 (RM),--,--,--,--,--,--,--,--,--,--,--,--
Sask./Sask.,Regina,Belle Plaine (VL),--,--,--,--,--,--,--,--,--,--,--,--
Sask./Sask.,Regina,Pense (T),--,--,--,--,--,--,--,--,--,--,--,--
Sask./Sask.,Regina,Sherwood No. 159 (RM),--,--,--,--,--,--,--,--,--,--,--,--
Sask./Sask.,Regina,Regina (CY),"523,392","420,000","480,000","600,000","341,470","320,000","335,000","350,000","493,852","400,000","475,000","595,000"
Sask./Sask.,Regina,Grand Coulee (VL),--,--,--,--,--,--,--,--,--,--,--,--
Sask./Sask.,Regina,Edenwold No. 158 (RM),"527,860",--,--,--,--,--,--,--,"527,860",--,--,--
Sask./Sask.,Regina,White City (T),"619,961",--,--,--,--,--,--,--,"619,961",--,--,--
Sask./Sask.,Regina,Pilot Butte (T),"356,697",--,--,--,--,--,--,--,"356,697",--,--,--
Sask./Sask.,Regina,Balgonie (T),"497,125",--,--,--,--,--,--,--,"497,125",--,--,--
Sask./Sask.,Regina,Edenwold (VL),--,--,--,--,--,--,--,--,--,--,--,--
Sask./Sask.,Regina,Lumsden No. 189 (RM),--,--,--,--,--,--,--,--,--,--,--,--
Sask./Sask.,Regina,Disley (VL),--,--,--,--,--,--,--,--,--,--,--,--
Sask./Sask.,Regina,Buena Vista (VL),--,--,--,--,--,--,--,--,--,--,--,--
Sask./Sask.,Regina,Lumsden (T),--,--,--,--,--,--,--,--,--,--,--,--
Sask./Sask.,Regina,Lumsden Beach (RV),--,--,--,--,--,--,--,--,--,--,--,--
Sask./Sask.,Regina,Regina Beach (T),--,--,--,--,--,--,--,--,--,--,--,--
Sask./Sask.,Regina,Total,"520,963","400,000","475,000","595,000","341,470","320,000","335,000","350,000","499,476","395,000","470,000","590,000"
Sask./Sask.,Saskatoon,Thode (RV),--,--,--,--,--,--,--,--,--,--,--,--
Sask./Sask.,Saskatoon,Dundurn No. 314 (RM),"391,850","265,000","275,000","375,000",--,--,--,--,"391,850","265,000","275,000","375,000"
Sask./Sask.,Saskatoon,Dundurn (T),--,--,--,--,--,--,--,--,--,--,--,--
Sask./Sask.,Saskatoon,Shields (RV),--,--,--,--,--,--,--,--,--,--,--,--
Sask./Sask.,Saskatoon,Corman Park No. 344 (RM),"713,329","500,000","675,000","875,000",--,--,--,--,"713,329","500,000","675,000","875,000"
Sask./Sask.,Saskatoon,Saskatoon (CY),"451,216","365,000","405,000","485,000","435,288",--,--,--,"450,926","365,000","405,000","485,000"
Sask./Sask.,Saskatoon,Langham (T),--,--,--,--,--,--,--,--,--,--,--,--
Sask./Sask.,Saskatoon,Warman (CY),"400,830","375,000","395,000","450,000",--,--,--,--,"400,830","375,000","395,000","450,000"
Sask./Sask.,Saskatoon,Blucher No. 343 (RM),--,--,--,--,--,--,--,--,--,--,--,--
Sask./Sask.,Saskatoon,Martensville (CY),"388,933",--,--,--,--,--,--,--,"388,933",--,--,--
Sask./Sask.,Saskatoon,Bradwell (VL),--,--,--,--,--,--,--,--,--,--,--,--
Sask./Sask.,Saskatoon,Allan (T),--,--,--,--,--,--,--,--,--,--,--,--
Sask./Sask.,Saskatoon,Dalmeny (T),"375,981","320,000","330,000","405,000",--,--,--,--,"375,981","320,000","330,000","405,000"
Sask./Sask.,Saskatoon,Osler (T),--,--,--,--,--,--,--,--,--,--,--,--
Sask./Sask.,Saskatoon,Colonsay No. 342 (RM),--,--,--,--,--,--,--,--,--,--,--,--
Sask./Sask.,Saskatoon,Clavet (VL),--,--,--,--,--,--,--,--,--,--,--,--
Sask./Sask.,Saskatoon,Meacham (VL),--,--,--,--,--,--,--,--,--,--,--,--
Sask./Sask.,Saskatoon,Colonsay (T),--,--,--,--,--,--,--,--,--,--,--,--
Sask./Sask.,Saskatoon,First Nations (Saskatoon) (R),--,--,--,--,--,--,--,--,--,--,--,--
Sask./Sask.,Saskatoon,Vanscoy No. 345 (RM),--,--,--,--,--,--,--,--,--,--,--,--
Sask./Sask.,Saskatoon,Delisle (T),--,--,--,--,--,--,--,--,--,--,--,--
Sask./Sask.,Saskatoon,Vanscoy (VL),--,--,--,--,--,--,--,--,--,--,--,--
Sask./Sask.,Saskatoon,Asquith (T),--,--,--,--,--,--,--,--,--,--,--,--
Sask./Sask.,Saskatoon,Aberdeen No. 373 (RM),--,--,--,--,--,--,--,--,--,--,--,--
Sask./Sask.,Saskatoon,Aberdeen (T),--,--,--,--,--,--,--,--,--,--,--,--
Sask./Sask.,Saskatoon,Total,"459,191","360,000","400,000","490,000","422,669","352,500","430,000","470,000","457,389","360,000","400,000","490,000"
Sask./Sask.,Total,Total,"480,598","370,000","425,000","535,000","367,453","320,000","345,000","375,000","467,898","360,000","415,000","520,000"
Alta/Alb.,Calgary,Rocky View County (MD),"1,047,194","725,000","910,000","1,300,000",--,--,--,--,"1,047,194","725,000","910,000","1,300,000"
Alta/Alb.,Calgary,Calgary (CY),"692,666","500,000","580,000","715,000","551,304","367,500","400,000","705,000","661,067","480,000","570,000","710,000"
Alta/Alb.,Calgary,Chestermere (CY),"764,643","585,000","760,000","890,000",--,--,--,--,"764,643","585,000","760,000","890,000"
Alta/Alb.,Calgary,Cochrane (T),"479,298","420,000","455,000","510,000","366,889","355,000","370,000","445,000","453,971","410,000","450,000","507,500"
Alta/Alb.,Calgary,Airdrie (CY),"509,916","430,000","487,500","540,000","392,013","355,000","360,000","375,000","484,107","420,000","485,000","540,000"
Alta/Alb.,Calgary,Irricana (T),--,--,--,--,--,--,--,--,--,--,--,--
Alta/Alb.,Calgary,Beiseker (VL),--,--,--,--,--,--,--,--,--,--,--,--
Alta/Alb.,Calgary,Crossfield (T),"387,048","310,000","327,500","345,000",--,--,--,--,"387,048","310,000","327,500","345,000"
Alta/Alb.,Calgary,First Nations (Calgary) (R),--,--,--,--,--,--,--,--,--,--,--,--
Alta/Alb.,Calgary,Total,"668,718","475,000","565,000","700,000","505,579","365,000","390,000","475,000","632,239","450,000","550,000","695,000"
Alta/Alb.,Edmonton,Bruderheim (T),--,--,--,--,--,--,--,--,--,--,--,--
Alta/Alb.,Edmonton,Leduc County (MD),"745,371","495,000","635,000","850,000",--,--,--,--,"745,371","495,000","635,000","850,000"
Alta/Alb.,Edmonton,Beaumont (T),"500,428","460,000","500,000","550,000",--,--,--,--,"500,428","460,000","500,000","550,000"
Alta/Alb.,Edmonton,Leduc (CY),"435,837","370,000","422,500","485,000","356,888",--,--,--,"418,395","370,000","422,500","485,000"
Alta/Alb.,Edmonton,Devon (T),--,--,--,--,--,--,--,--,--,--,--,--
Alta/Alb.,Edmonton,Calmar (T),--,--,--,--,--,--,--,--,--,--,--,--
Alta/Alb.,Edmonton,Sundance Beach (SV),--,--,--,--,--,--,--,--,--,--,--,--
Alta/Alb.,Edmonton,Thorsby (VL),--,--,--,--,--,--,--,--,--,--,--,--
Alta/Alb.,Edmonton,Itaska Beach (SV),--,--,--,--,--,--,--,--,--,--,--,--
Alta/Alb.,Edmonton,Golden Days (SV),--,--,--,--,--,--,--,--,--,--,--,--
Alta/Alb.,Edmonton,Warburg (VL),--,--,--,--,--,--,--,--,--,--,--,--
Alta/Alb.,Edmonton,Parkland County (MD),"662,960",--,--,--,--,--,--,--,"662,960",--,--,--
Alta/Alb.,Edmonton,Seba Beach (SV),--,--,--,--,--,--,--,--,--,--,--,--
Alta/Alb.,Edmonton,Betula Beach (SV),--,--,--,--,--,--,--,--,--,--,--,--
Alta/Alb.,Edmonton,Point Alison (SV),--,--,--,--,--,--,--,--,--,--,--,--
Alta/Alb.,Edmonton,Lakeview (SV),--,--,--,--,--,--,--,--,--,--,--,--
Alta/Alb.,Edmonton,Kapasiwin (SV),--,--,--,--,--,--,--,--,--,--,--,--
Alta/Alb.,Edmonton,Wabamun (VL),--,--,--,--,--,--,--,--,--,--,--,--
Alta/Alb.,Edmonton,Spring Lake (VL),--,--,--,--,--,--,--,--,--,--,--,--
Alta/Alb.,Edmonton,Stony Plain (T),"528,383",--,--,--,"313,215",--,--,--,"488,537",--,--,--
Alta/Alb.,Edmonton,Spruce Grove (CY),"462,031","380,000","450,000","502,500","358,612","335,000","350,000","365,000","416,618","350,000","390,000","480,000"
Alta/Alb.,Edmonton,Strathcona County (SM),"676,090","525,000","560,000","675,000","384,210","355,000","370,000","380,000","583,449","380,000","530,000","600,000"
Alta/Alb.,Edmonton,Fort Saskatchewan (CY),"509,570","420,000","455,000","570,000","343,159","335,000","350,000","355,000","420,817","340,000","355,000","455,000"
Alta/Alb.,Edmonton,Sturgeon County (MD),"703,468","440,000","720,000","950,000",--,--,--,--,"703,468","440,000","720,000","950,000"
Alta/Alb.,Edmonton,Edmonton (CY),"564,186","425,000","505,000","600,000","384,655","345,000","365,000","395,000","509,922","375,000","450,000","565,000"
Alta/Alb.,Edmonton,St. Albert (CY),"601,981","495,000","590,000","675,000","426,325","375,000","390,000","450,000","517,290","392,500","500,000","622,500"
Alta/Alb.,Edmonton,Gibbons (T),--,--,--,--,--,--,--,--,--,--,--,--
Alta/Alb.,Edmonton,Redwater (T),--,--,--,--,--,--,--,--,--,--,--,--
Alta/Alb.,Edmonton,Bon Accord (T),--,--,--,--,--,--,--,--,--,--,--,--
Alta/Alb.,Edmonton,Morinville (T),"344,707",--,--,--,--,--,--,--,"344,707",--,--,--
Alta/Alb.,Edmonton,Legal (T),--,--,--,--,--,--,--,--,--,--,--,--
Alta/Alb.,Edmonton,First Nations (Edmonton) (R),--,--,--,--,--,--,--,--,--,--,--,--
Alta/Alb.,Edmonton,Total,"560,722","425,000","500,000","600,000","379,665","345,000","365,000","390,000","503,856","370,000","450,000","560,000"
Alta/Alb.,Lethbridge,Lethbridge County (MD),--,--,--,--,--,--,--,--,--,--,--,--
Alta/Alb.,Lethbridge,Lethbridge (CY),"426,281","345,000","380,000","480,000",--,--,--,--,"426,281","345,000","380,000","480,000"
Alta/Alb.,Lethbridge,Coalhurst (T),--,--,--,--,--,--,--,--,--,--,--,--
Alta/Alb.,Lethbridge,Nobleford (VL),--,--,--,--,--,--,--,--,--,--,--,--
Alta/Alb.,Lethbridge,Barons (VL),--,--,--,--,--,--,--,--,--,--,--,--
Alta/Alb.,Lethbridge,Picture Butte (T),--,--,--,--,--,--,--,--,--,--,--,--
Alta/Alb.,Lethbridge,Coaldale (T),--,--,--,--,--,--,--,--,--,--,--,--
Alta/Alb.,Lethbridge,Total,"417,974","345,000","385,000","460,000","319,567",--,--,--,"415,004","345,000","385,000","460,000"
Alta/Alb.,Grande Prairie,Grande Prairie (CY),"436,411","377,500","422,500","477,500","251,600",--,--,--,"430,167","377,500","422,500","477,500"
Alta/Alb.,Grande Prairie,Total,"436,411","377,500","422,500","477,500","251,600",--,--,--,"430,167","377,500","422,500","477,500"
Alta/Alb.,Medicine Hat,Cypress County (MD),--,--,--,--,--,--,--,--,--,--,--,--
Alta/Alb.,Medicine Hat,Medicine Hat (CY),--,--,--,--,"329,960",--,--,--,"329,960",--,--,--
Alta/Alb.,Medicine Hat,Redcliff (T),--,--,--,--,--,--,--,--,--,--,--,--
Alta/Alb.,Medicine Hat,Total,"493,964","345,000","490,000","585,000","329,960",--,--,--,"472,938","345,000","490,000","585,000"
Alta/Alb.,Red Deer,Red Deer (CY),"508,264","400,000","485,000","575,000",--,--,--,--,"508,264","400,000","485,000","575,000"
Alta/Alb.,Red Deer,Total,"508,264","400,000","485,000","575,000",--,--,--,--,"508,264","400,000","485,000","575,000"
Alta/Alb.,Wood Buffalo,Wood Buffalo (SM),"675,800",--,--,--,"577,250",--,--,--,"590,104",--,--,--
Alta/Alb.,Wood Buffalo,First Nations (Wood Buffalo) (R),--,--,--,--,--,--,--,--,--,--,--,--
Alta/Alb.,Wood Buffalo,Total,"675,800",--,--,--,"577,250",--,--,--,"590,104",--,--,--
Alta/Alb.,Total,Total,"596,440","435,000","525,000","635,000","424,019","350,000","370,000","415,000","550,840","385,000","480,000","600,000"
B.C./C.-B.,Abbotsford - Mission,Abbotsford (CY),"1,002,528","770,000","902,500","1,115,000",--,--,--,--,"1,002,528","770,000","902,500","1,115,000"
B.C./C.-B.,Abbotsford - Mission,Mission (DM),"910,734","725,000","840,000","970,000",--,--,--,--,"910,734","725,000","840,000","970,000"
B.C./C.-B.,Abbotsford - Mission,First Nations (Abbotsford-Mission) (R),--,--,--,--,--,--,--,--,--,--,--,--
B.C./C.-B.,Abbotsford - Mission,Total,"972,360","755,000","880,000","1,100,000",--,--,--,--,"972,360","755,000","880,000","1,100,000"
B.C./C.-B.,Kelowna,Kelowna (CY),"1,019,253","720,000","840,000","1,100,000","603,980",--,--,--,"1,012,764","720,000","840,000","1,100,000"
B.C./C.-B.,Kelowna,Central Okanagan (RDA),--,--,--,--,"573,935",--,--,--,"573,935",--,--,--
B.C./C.-B.,Kelowna,Lake Country (DM),"896,287","625,000","745,000","880,000",--,--,--,--,"896,287","625,000","745,000","880,000"
B.C./C.-B.,Kelowna,Peachland (DM),--,--,--,--,--,--,--,--,--,--,--,--
B.C./C.-B.,Kelowna,Central Okanagan J (RDA),"597,239",--,--,--,--,--,--,--,"597,239",--,--,--
B.C./C.-B.,Kelowna,West Kelowna (DM),"830,814","605,000","700,000","830,000",--,--,--,--,"830,814","605,000","700,000","830,000"
B.C./C.-B.,Kelowna,First Nations (Kelowna) (R),"491,452",--,--,--,--,--,--,--,"491,452",--,--,--
B.C./C.-B.,Kelowna,Total,"890,583","600,000","750,000","960,000","590,940","522,500","575,000","590,000","836,921","585,000","730,000","925,000"
B.C./C.-B.,Vancouver,Langley (DM),"1,273,193","880,000","1,160,000","1,500,000","533,500",--,--,--,"1,257,413","880,000","1,160,000","1,500,000"
B.C./C.-B.,Vancouver,Langley (CY),"1,427,980",--,--,--,--,--,--,--,"1,427,980",--,--,--
B.C./C.-B.,Vancouver,Surrey (CY),"1,577,919","1,195,000","1,400,000","1,670,000","564,197",--,--,--,"1,542,313","1,195,000","1,400,000","1,670,000"
B.C./C.-B.,Vancouver,White Rock (CY),"2,926,971",--,--,--,--,--,--,--,"2,926,971",--,--,--
B.C./C.-B.,Vancouver,Delta (DM),"1,509,822","1,000,000","1,400,000","1,600,000",--,--,--,--,"1,509,822","1,000,000","1,400,000","1,600,000"
B.C./C.-B.,Vancouver,Richmond (CY),"2,751,885","2,000,000","2,690,000","3,035,000","1,044,716",--,--,--,"2,666,720","2,000,000","2,690,000","3,035,000"
B.C./C.-B.,Vancouver,Greater Vancouver A (RDA),--,--,--,--,--,--,--,--,--,--,--,--
B.C./C.-B.,Vancouver,Vancouver (CY),"3,850,844","2,350,000","3,000,000","4,810,000","1,304,516","1,100,000","1,250,000","1,450,000","3,643,339","2,300,000","3,000,000","4,750,000"
B.C./C.-B.,Vancouver,Burnaby (CY),"2,421,083","1,890,000","2,365,000","2,820,000","1,260,697","825,000","1,197,500","1,355,000","2,280,326","1,790,000","2,290,000","2,800,000"
B.C./C.-B.,Vancouver,New Westminster (CY),"1,398,208","842,500","1,187,500","1,337,500",--,--,--,--,"1,398,208","842,500","1,187,500","1,337,500"
B.C./C.-B.,Vancouver,Coquitlam (CY),"1,806,309","1,500,000","1,680,000","2,150,000","844,654","765,000","825,000","880,000","1,618,436","1,200,000","1,600,000","2,035,000"
B.C./C.-B.,Vancouver,Belcarra (VL),--,--,--,--,--,--,--,--,--,--,--,--
B.C./C.-B.,Vancouver,Anmore (VL),"2,445,124",--,--,--,--,--,--,--,"2,445,124",--,--,--
B.C./C.-B.,Vancouver,Port Coquitlam (CY),"1,682,148","1,155,000","1,615,000","2,190,000",--,--,--,--,"1,682,148","1,155,000","1,615,000","2,190,000"
B.C./C.-B.,Vancouver,Port Moody (CY),"2,743,059","1,960,000","2,485,000","2,830,000",--,--,--,--,"2,743,059","1,960,000","2,485,000","2,830,000"
B.C./C.-B.,Vancouver,North Vancouver (DM),"3,147,010","2,285,000","3,050,000","3,700,000",--,--,--,--,"3,147,010","2,285,000","3,050,000","3,700,000"
B.C./C.-B.,Vancouver,North Vancouver (CY),"2,411,220","2,000,000","2,540,000","2,790,000","1,792,832",--,--,--,"2,227,019","2,000,000","2,540,000","2,790,000"
B.C./C.-B.,Vancouver,West Vancouver (DM),"5,651,571","3,295,000","4,620,000","6,400,000",--,--,--,--,"5,651,571","3,295,000","4,620,000","6,400,000"
B.C./C.-B.,Vancouver,Bowen Island (IM),"1,574,375",--,--,--,--,--,--,--,"1,574,375",--,--,--
B.C./C.-B.,Vancouver,Lions Bay (VL),--,--,--,--,--,--,--,--,--,--,--,--
B.C./C.-B.,Vancouver,Pitt Meadows (CY),--,--,--,--,--,--,--,--,--,--,--,--
B.C./C.-B.,Vancouver,Maple Ridge (CY),"980,310","785,000","875,000","1,050,000","532,979",--,--,--,"958,555","785,000","875,000","1,050,000"
B.C./C.-B.,Vancouver,First Nations (Vancouver) (R),"723,900","725,000","725,000","725,000",--,--,--,--,"723,900","725,000","725,000","725,000"
B.C./C.-B.,Vancouver,Total,"2,264,596","1,245,000","1,795,000","2,800,000","1,030,375","685,000","895,000","1,280,000","2,146,014","1,180,000","1,680,000","2,655,000"
B.C./C.-B.,Victoria,North Saanich (DM),"1,020,130","510,000","510,000","850,000",--,--,--,--,"1,020,130","510,000","510,000","850,000"
B.C./C.-B.,Victoria,Sidney (T),"997,926",--,--,--,--,--,--,--,"997,926",--,--,--
B.C./C.-B.,Victoria,Central Saanich (DM),"1,297,475",--,--,--,--,--,--,--,"1,297,475",--,--,--
B.C./C.-B.,Victoria,Saanich (DM),"1,442,143","1,030,000","1,300,000","1,700,000",--,--,--,--,"1,442,143","1,030,000","1,300,000","1,700,000"
B.C./C.-B.,Victoria,Oak Bay (DM),"2,148,875",--,--,--,--,--,--,--,"2,148,875",--,--,--
B.C./C.-B.,Victoria,Victoria (CY),"1,237,442",--,--,--,--,--,--,--,"1,237,442",--,--,--
B.C./C.-B.,Victoria,Esquimalt (DM),--,--,--,--,--,--,--,--,--,--,--,--
B.C./C.-B.,Victoria,Colwood (CY),"772,803","600,000","650,000","780,000",--,--,--,--,"772,803","600,000","650,000","780,000"
B.C./C.-B.,Victoria,Metchosin (DM),--,--,--,--,--,--,--,--,--,--,--,--
B.C./C.-B.,Victoria,Langford (CY),"835,333","630,000","750,000","882,500",--,--,--,--,"835,333","630,000","750,000","882,500"
B.C./C.-B.,Victoria,View Royal (T),"629,494",--,--,--,--,--,--,--,"629,494",--,--,--
B.C./C.-B.,Victoria,Highlands (DM),"810,836",--,--,--,--,--,--,--,"810,836",--,--,--
B.C./C.-B.,Victoria,Sooke (DM),"586,481","487,500","565,000","650,000","404,200",--,--,--,"576,260","487,500","565,000","650,000"
B.C./C.-B.,Victoria,Juan de Fuca (Part 1) (RDA),"720,722",--,--,--,--,--,--,--,"720,722",--,--,--
B.C./C.-B.,Victoria,First Nations (Victoria) (R),--,--,--,--,--,--,--,--,--,--,--,--
B.C./C.-B.,Victoria,Total,"975,838","630,000","800,000","1,060,000","580,474",--,--,--,"939,933","630,000","800,000","1,060,000"
B.C./C.-B.,Chilliwack,Chilliwack (CY),"680,023","555,000","655,000","770,000",--,--,--,--,"680,023","555,000","655,000","770,000"
B.C./C.-B.,Chilliwack,Harrison Hot Springs (VL),--,--,--,--,--,--,--,--,--,--,--,--
B.C./C.-B.,Chilliwack,Kent (DM),--,--,--,--,--,--,--,--,--,--,--,--
B.C./C.-B.,Chilliwack,Fraser Valley D (RDA),--,--,--,--,--,--,--,--,--,--,--,--
B.C./C.-B.,Chilliwack,Fraser Valley H (RDA),--,--,--,--,--,--,--,--,--,--,--,--
B.C./C.-B.,Chilliwack,Fraser Valley E (RDA),--,--,--,--,--,--,--,--,--,--,--,--
B.C./C.-B.,Chilliwack,First Nations (Chilliwack) (R),--,--,--,--,--,--,--,--,--,--,--,--
B.C./C.-B.,Chilliwack,Total,"673,626","545,000","650,000","760,000","446,329",--,--,--,"667,150","545,000","650,000","760,000"
B.C./C.-B.,Courtenay,Comox (T),"504,629",--,--,--,--,--,--,--,"504,629",--,--,--
B.C./C.-B.,Courtenay,Courtenay (CY),"574,596","490,000","542,500","742,500",--,--,--,--,"574,596","490,000","542,500","742,500"
B.C./C.-B.,Courtenay,Comox Valley A (RDA),"729,581","435,000","600,000","800,000",--,--,--,--,"729,581","435,000","600,000","800,000"
B.C./C.-B.,Courtenay,Comox Valley B (Lazo North) (RDA),"707,143",--,--,--,--,--,--,--,"707,143",--,--,--
B.C./C.-B.,Courtenay,First Nations (Courtenay) (R),--,--,--,--,--,--,--,--,--,--,--,--
B.C./C.-B.,Courtenay,Total,"640,733","475,000","570,000","750,000",--,--,--,--,"640,733","475,000","570,000","750,000"
B.C./C.-B.,Kamloops,Logan Lake (DM),--,--,--,--,--,--,--,--,--,--,--,--
B.C./C.-B.,Kamloops,Thompson-Nicola J (Copper Desert Country) (RDA),"676,983",--,--,--,--,--,--,--,"676,983",--,--,--
B.C./C.-B.,Kamloops,Kamloops (CY),"541,218","350,000","480,000","615,000","429,837",--,--,--,"524,629","350,000","480,000","615,000"
B.C./C.-B.,Kamloops,Thompson-Nicola P (Rivers and the Peaks) (RDA),--,--,--,--,--,--,--,--,--,--,--,--
B.C./C.-B.,Kamloops,Sun Peaks Mountain (VL),--,--,--,--,--,--,--,--,--,--,--,--
B.C./C.-B.,Kamloops,Chase (VL),--,--,--,--,--,--,--,--,--,--,--,--
B.C./C.-B.,Kamloops,First Nations (Kamloops) (R),--,--,--,--,--,--,--,--,--,--,--,--
B.C./C.-B.,Kamloops,Total,"569,630","410,000","552,500","675,000","404,135",--,--,--,"542,600","410,000","552,500","675,000"
B.C./C.-B.,Nanaimo,Nanaimo (CY),"595,127","497,500","597,500","730,000",--,--,--,--,"595,127","497,500","597,500","730,000"
B.C./C.-B.,Nanaimo,Lantzville (DM),--,--,--,--,--,--,--,--,--,--,--,--
B.C./C.-B.,Nanaimo,Nanaimo A (RDA),"558,206","425,000","470,000","790,000",--,--,--,--,"558,206","425,000","470,000","790,000"
B.C./C.-B.,Nanaimo,Nanaimo C (RDA),--,--,--,--,--,--,--,--,--,--,--,--
B.C./C.-B.,Nanaimo,First Nations (Nanaimo) (R),--,--,--,--,--,--,--,--,--,--,--,--
B.C./C.-B.,Nanaimo,Total,"577,579","440,000","527,500","645,000","459,155",--,--,--,"573,930","440,000","527,500","645,000"
B.C./C.-B.,Prince George,Prince George (CY),"500,240","405,000","475,000","530,000",--,--,--,--,"500,240","405,000","475,000","530,000"
B.C./C.-B.,Prince George,Fraser-Fort George A (RDA),--,--,--,--,--,--,--,--,--,--,--,--
B.C./C.-B.,Prince George,Fraser-Fort George C (RDA),--,--,--,--,--,--,--,--,--,--,--,--
B.C./C.-B.,Prince George,Fraser-Fort George D (RDA),"327,653",--,--,--,--,--,--,--,"327,653",--,--,--
B.C./C.-B.,Prince George,Fraser-Fort George F (RDA),--,--,--,--,--,--,--,--,--,--,--,--
B.C./C.-B.,Prince George,First Nations (Prince George) (R),--,--,--,--,--,--,--,--,--,--,--,--
B.C./C.-B.,Prince George,Total,"461,411","365,000","435,000","505,000",--,--,--,--,"461,411","365,000","435,000","505,000"
B.C./C.-B.,Vernon,Coldstream (DM),--,--,--,--,--,--,--,--,--,--,--,--
B.C./C.-B.,Vernon,Vernon (CY),"798,017",--,--,--,"447,524",--,--,--,"753,409",--,--,--
B.C./C.-B.,Vernon,North Okanagan B (RDA),--,--,--,--,--,--,--,--,--,--,--,--
B.C./C.-B.,Vernon,North Okanagan C (RDA),--,--,--,--,--,--,--,--,--,--,--,--
B.C./C.-B.,Vernon,First Nations (Vernon) (R),--,--,--,--,--,--,--,--,--,--,--,--
B.C./C.-B.,Vernon,Total,"788,764","620,000","700,000","825,000","482,490",--,--,--,"763,880","620,000","700,000","825,000"
B.C./C.-B.,Total,Total,"1,567,215","700,000","1,085,000","1,980,000","760,912","490,000","600,000","910,000","1,481,395","650,000","1,000,000","1,795,000"
"Canada (50,000+)",Total,Total,"812,996","430,000","575,000","840,000","425,801","300,000","370,000","450,000","749,027","395,000","535,000","780,000"
,,,,,,,,,,,,,,
© 2018 Canada Mortgage and Housing Corporation / © 2018 Société canadienne d'hypothèques et de logement,,,,,,,,,,,,,,
Source: CMHC (Starts and Completions Survey) / Source: SCHL (mises en chantier et des achèvements),,,,,,,,,,,,,,
,,,,,,,,,,,,,,
